content_id,title,genre,duration_minutes,is_live
1,Title_1,Action,34,0
2,Title_2,Drama,73,0
3,Title_3,Comedy,120,0
4,Title_4,Action,27,0
5,Title_5,Kabaddi,72,0
6,Title_6,Comedy,79,0
7,Title_7,Comedy,127,0
8,Title_8,Action,24,0
9,Title_9,Football,122,0
10,Title_10,Kabaddi,25,0
11,Title_11,Action,128,0
12,Title_12,Kabaddi,135,0
13,Title_13,Kabaddi,113,1
14,Title_14,Comedy,66,0
15,Title_15,Drama,118,0
16,Title_16,Kabaddi,74,0
17,Title_17,Documentary,71,0
18,Title_18,Comedy,163,0
19,Title_19,Football,32,0
20,Title_20,Drama,133,0
21,Title_21,Documentary,143,0
22,Title_22,Documentary,125,0
23,Title_23,Football,177,1
24,Title_24,Drama,166,0
25,Title_25,Comedy,164,1
26,Title_26,Cricket,139,0
27,Title_27,Drama,82,0
28,Title_28,Football,38,1
29,Title_29,Documentary,111,0
30,Title_30,Comedy,77,0
31,Title_31,Drama,109,0
32,Title_32,Cricket,136,0
33,Title_33,Cricket,81,0
34,Title_34,Kabaddi,42,0
35,Title_35,Kabaddi,146,0
36,Title_36,Action,156,0
37,Title_37,Football,159,0
38,Title_38,Drama,148,0
39,Title_39,Drama,77,0
40,Title_40,Action,141,0
41,Title_41,Documentary,20,0
42,Title_42,Documentary,53,0
43,Title_43,Action,115,1
44,Title_44,Documentary,145,0
45,Title_45,Kabaddi,137,0
46,Title_46,Drama,67,0
47,Title_47,Action,108,0
48,Title_48,Drama,136,0
49,Title_49,Cricket,148,0
50,Title_50,Kabaddi,35,0
51,Title_51,Comedy,88,0
52,Title_52,Kabaddi,41,0
53,Title_53,Action,112,1
54,Title_54,Comedy,95,0
55,Title_55,Cricket,173,0
56,Title_56,Action,163,1
57,Title_57,Football,105,0
58,Title_58,Drama,48,0
59,Title_59,Cricket,88,1
60,Title_60,Drama,66,0
61,Title_61,Documentary,113,0
62,Title_62,Football,163,0
63,Title_63,Football,104,0
64,Title_64,Cricket,58,0
65,Title_65,Football,119,0
66,Title_66,Comedy,52,1
67,Title_67,Football,120,0
68,Title_68,Drama,42,0
69,Title_69,Drama,29,0
70,Title_70,Action,88,0
71,Title_71,Drama,119,0
72,Title_72,Action,53,0
73,Title_73,Drama,157,0
74,Title_74,Comedy,166,0
75,Title_75,Action,115,1
76,Title_76,Kabaddi,20,0
77,Title_77,Documentary,88,0
78,Title_78,Cricket,23,0
79,Title_79,Drama,35,0
80,Title_80,Football,43,0
81,Title_81,Drama,99,0
82,Title_82,Football,21,0
83,Title_83,Documentary,147,0
84,Title_84,Documentary,179,0
85,Title_85,Documentary,103,0
86,Title_86,Football,171,0
87,Title_87,Drama,159,0
88,Title_88,Documentary,143,0
89,Title_89,Comedy,52,0
90,Title_90,Action,120,0
91,Title_91,Football,31,0
92,Title_92,Football,86,0
93,Title_93,Drama,84,1
94,Title_94,Football,93,0
95,Title_95,Football,62,0
96,Title_96,Documentary,63,0
97,Title_97,Drama,48,1
98,Title_98,Documentary,160,0
99,Title_99,Action,31,0
100,Title_100,Action,114,0
101,Title_101,Documentary,65,0
102,Title_102,Action,149,0
103,Title_103,Drama,54,1
104,Title_104,Cricket,100,1
105,Title_105,Documentary,109,0
106,Title_106,Comedy,27,0
107,Title_107,Comedy,112,1
108,Title_108,Football,173,0
109,Title_109,Action,109,0
110,Title_110,Comedy,134,0
111,Title_111,Football,124,0
112,Title_112,Cricket,154,0
113,Title_113,Drama,77,0
114,Title_114,Drama,133,1
115,Title_115,Drama,94,1
116,Title_116,Comedy,176,0
117,Title_117,Cricket,139,0
118,Title_118,Comedy,40,1
119,Title_119,Action,157,0
120,Title_120,Comedy,120,0
121,Title_121,Cricket,171,1
122,Title_122,Cricket,118,1
123,Title_123,Action,55,0
124,Title_124,Cricket,115,0
125,Title_125,Cricket,171,0
126,Title_126,Drama,170,0
127,Title_127,Action,56,0
128,Title_128,Kabaddi,31,0
129,Title_129,Kabaddi,132,0
130,Title_130,Cricket,32,0
131,Title_131,Kabaddi,42,0
132,Title_132,Kabaddi,118,0
133,Title_133,Cricket,124,1
134,Title_134,Kabaddi,49,0
135,Title_135,Comedy,36,0
136,Title_136,Football,132,0
137,Title_137,Action,81,0
138,Title_138,Football,103,0
139,Title_139,Cricket,131,0
140,Title_140,Drama,105,0
141,Title_141,Action,160,0
142,Title_142,Cricket,38,0
143,Title_143,Drama,119,0
144,Title_144,Football,159,1
145,Title_145,Cricket,166,0
146,Title_146,Action,95,0
147,Title_147,Action,28,0
148,Title_148,Documentary,47,0
149,Title_149,Comedy,147,0
150,Title_150,Kabaddi,71,0
151,Title_151,Drama,102,1
152,Title_152,Documentary,130,0
153,Title_153,Kabaddi,163,0
154,Title_154,Kabaddi,136,0
155,Title_155,Cricket,88,1
156,Title_156,Kabaddi,118,0
157,Title_157,Comedy,159,0
158,Title_158,Action,44,0
159,Title_159,Documentary,142,0
160,Title_160,Kabaddi,72,0
161,Title_161,Cricket,170,1
162,Title_162,Comedy,163,0
163,Title_163,Football,76,0
164,Title_164,Action,58,0
165,Title_165,Action,128,0
166,Title_166,Documentary,61,0
167,Title_167,Action,161,0
168,Title_168,Kabaddi,141,0
169,Title_169,Cricket,152,0
170,Title_170,Action,94,0
171,Title_171,Action,165,0
172,Title_172,Football,95,0
173,Title_173,Football,28,0
174,Title_174,Drama,93,0
175,Title_175,Comedy,164,0
176,Title_176,Kabaddi,26,1
177,Title_177,Action,160,1
178,Title_178,Action,156,0
179,Title_179,Cricket,46,0
180,Title_180,Drama,141,0
181,Title_181,Comedy,24,0
182,Title_182,Drama,48,0
183,Title_183,Documentary,102,0
184,Title_184,Comedy,155,0
185,Title_185,Action,128,0
186,Title_186,Action,84,0
187,Title_187,Comedy,105,0
188,Title_188,Action,164,0
189,Title_189,Kabaddi,90,0
190,Title_190,Comedy,64,0
191,Title_191,Drama,151,0
192,Title_192,Comedy,55,0
193,Title_193,Action,89,0
194,Title_194,Kabaddi,178,0
195,Title_195,Kabaddi,38,0
196,Title_196,Documentary,127,0
197,Title_197,Drama,110,0
198,Title_198,Football,109,0
199,Title_199,Football,38,1
200,Title_200,Comedy,58,0
201,Title_201,Documentary,145,0
202,Title_202,Cricket,160,0
203,Title_203,Comedy,145,0
204,Title_204,Documentary,77,0
205,Title_205,Drama,167,1
206,Title_206,Drama,80,0
207,Title_207,Drama,146,0
208,Title_208,Drama,124,0
209,Title_209,Drama,20,0
210,Title_210,Documentary,150,0
211,Title_211,Documentary,111,0
212,Title_212,Kabaddi,132,0
213,Title_213,Football,172,1
214,Title_214,Action,75,0
215,Title_215,Drama,136,0
216,Title_216,Cricket,153,0
217,Title_217,Action,77,0
218,Title_218,Documentary,63,0
219,Title_219,Cricket,179,0
220,Title_220,Cricket,80,0
221,Title_221,Cricket,66,0
222,Title_222,Kabaddi,168,0
223,Title_223,Documentary,99,0
224,Title_224,Cricket,137,0
225,Title_225,Drama,166,1
226,Title_226,Comedy,39,0
227,Title_227,Cricket,165,0
228,Title_228,Kabaddi,66,1
229,Title_229,Action,68,0
230,Title_230,Documentary,33,1
231,Title_231,Kabaddi,162,0
232,Title_232,Cricket,178,0
233,Title_233,Documentary,20,0
234,Title_234,Comedy,136,0
235,Title_235,Cricket,73,0
236,Title_236,Kabaddi,137,0
237,Title_237,Football,22,0
238,Title_238,Drama,163,0
239,Title_239,Action,31,0
240,Title_240,Kabaddi,93,1
241,Title_241,Documentary,35,0
242,Title_242,Cricket,121,0
243,Title_243,Drama,171,0
244,Title_244,Cricket,175,0
245,Title_245,Documentary,136,1
246,Title_246,Cricket,27,0
247,Title_247,Football,141,0
248,Title_248,Drama,111,0
249,Title_249,Drama,109,0
250,Title_250,Documentary,155,0
251,Title_251,Action,79,0
252,Title_252,Football,47,0
253,Title_253,Kabaddi,120,0
254,Title_254,Cricket,60,0
255,Title_255,Comedy,174,1
256,Title_256,Cricket,164,1
257,Title_257,Cricket,176,0
258,Title_258,Kabaddi,160,0
259,Title_259,Cricket,65,0
260,Title_260,Football,54,0
261,Title_261,Football,153,1
262,Title_262,Drama,101,0
263,Title_263,Documentary,134,0
264,Title_264,Action,66,0
265,Title_265,Comedy,172,0
266,Title_266,Cricket,29,0
267,Title_267,Cricket,75,0
268,Title_268,Kabaddi,49,0
269,Title_269,Documentary,128,0
270,Title_270,Football,24,0
271,Title_271,Comedy,138,0
272,Title_272,Drama,52,0
273,Title_273,Football,137,0
274,Title_274,Documentary,84,0
275,Title_275,Action,165,0
276,Title_276,Drama,30,0
277,Title_277,Action,104,0
278,Title_278,Kabaddi,45,0
279,Title_279,Kabaddi,82,1
280,Title_280,Cricket,105,0
281,Title_281,Action,78,0
282,Title_282,Documentary,46,0
283,Title_283,Comedy,117,0
284,Title_284,Drama,124,0
285,Title_285,Football,118,0
286,Title_286,Documentary,148,0
287,Title_287,Documentary,168,0
288,Title_288,Kabaddi,74,0
289,Title_289,Action,25,0
290,Title_290,Cricket,114,0
291,Title_291,Cricket,152,0
292,Title_292,Drama,121,0
293,Title_293,Kabaddi,22,0
294,Title_294,Documentary,42,0
295,Title_295,Comedy,72,0
296,Title_296,Kabaddi,102,0
297,Title_297,Drama,164,0
298,Title_298,Drama,104,0
299,Title_299,Kabaddi,97,0
300,Title_300,Drama,129,0
301,Title_301,Kabaddi,20,0
302,Title_302,Football,70,0
303,Title_303,Kabaddi,23,0
304,Title_304,Action,132,1
305,Title_305,Kabaddi,51,0
306,Title_306,Drama,53,1
307,Title_307,Action,111,0
308,Title_308,Drama,114,0
309,Title_309,Cricket,91,0
310,Title_310,Cricket,58,1
311,Title_311,Action,173,0
312,Title_312,Football,137,0
313,Title_313,Cricket,22,0
314,Title_314,Kabaddi,142,0
315,Title_315,Drama,69,0
316,Title_316,Cricket,31,0
317,Title_317,Cricket,73,0
318,Title_318,Football,152,0
319,Title_319,Action,76,1
320,Title_320,Action,164,1
321,Title_321,Documentary,131,0
322,Title_322,Football,66,0
323,Title_323,Kabaddi,170,1
324,Title_324,Action,104,0
325,Title_325,Drama,161,0
326,Title_326,Football,85,1
327,Title_327,Cricket,94,0
328,Title_328,Drama,122,0
329,Title_329,Drama,57,0
330,Title_330,Cricket,69,1
331,Title_331,Football,117,1
332,Title_332,Cricket,101,1
333,Title_333,Documentary,49,0
334,Title_334,Drama,98,1
335,Title_335,Comedy,110,0
336,Title_336,Comedy,71,0
337,Title_337,Kabaddi,98,0
338,Title_338,Action,49,0
339,Title_339,Cricket,125,0
340,Title_340,Cricket,70,0
341,Title_341,Kabaddi,100,0
342,Title_342,Kabaddi,152,0
343,Title_343,Kabaddi,48,0
344,Title_344,Drama,151,0
345,Title_345,Documentary,157,0
346,Title_346,Cricket,164,0
347,Title_347,Drama,93,0
348,Title_348,Kabaddi,36,0
349,Title_349,Cricket,103,0
350,Title_350,Drama,88,0
351,Title_351,Documentary,53,0
352,Title_352,Drama,25,1
353,Title_353,Documentary,72,0
354,Title_354,Kabaddi,145,0
355,Title_355,Documentary,62,0
356,Title_356,Cricket,134,1
357,Title_357,Kabaddi,130,0
358,Title_358,Cricket,170,1
359,Title_359,Comedy,99,0
360,Title_360,Football,114,1
361,Title_361,Documentary,137,0
362,Title_362,Football,163,1
363,Title_363,Football,27,0
364,Title_364,Documentary,151,0
365,Title_365,Kabaddi,123,0
366,Title_366,Comedy,151,0
367,Title_367,Cricket,44,0
368,Title_368,Drama,115,1
369,Title_369,Cricket,174,1
370,Title_370,Drama,112,0
371,Title_371,Cricket,179,0
372,Title_372,Documentary,80,0
373,Title_373,Comedy,141,0
374,Title_374,Drama,70,0
375,Title_375,Action,166,0
376,Title_376,Kabaddi,40,0
377,Title_377,Cricket,24,0
378,Title_378,Cricket,111,0
379,Title_379,Drama,80,0
380,Title_380,Kabaddi,41,0
381,Title_381,Kabaddi,168,0
382,Title_382,Documentary,89,1
383,Title_383,Action,20,0
384,Title_384,Documentary,152,0
385,Title_385,Documentary,31,0
386,Title_386,Documentary,109,0
387,Title_387,Documentary,65,1
388,Title_388,Documentary,53,0
389,Title_389,Comedy,97,0
390,Title_390,Kabaddi,64,0
391,Title_391,Documentary,174,1
392,Title_392,Kabaddi,92,1
393,Title_393,Kabaddi,45,0
394,Title_394,Football,66,0
395,Title_395,Comedy,140,0
396,Title_396,Documentary,75,1
397,Title_397,Cricket,113,0
398,Title_398,Drama,126,1
399,Title_399,Action,82,0
400,Title_400,Cricket,67,0
401,Title_401,Comedy,80,0
402,Title_402,Drama,100,0
403,Title_403,Comedy,45,0
404,Title_404,Kabaddi,55,0
405,Title_405,Drama,20,0
406,Title_406,Kabaddi,27,0
407,Title_407,Cricket,132,0
408,Title_408,Cricket,118,0
409,Title_409,Drama,66,1
410,Title_410,Drama,146,1
411,Title_411,Documentary,75,1
412,Title_412,Comedy,33,1
413,Title_413,Documentary,47,0
414,Title_414,Comedy,97,0
415,Title_415,Documentary,149,0
416,Title_416,Kabaddi,128,0
417,Title_417,Drama,173,0
418,Title_418,Cricket,33,0
419,Title_419,Comedy,75,0
420,Title_420,Comedy,134,0
421,Title_421,Cricket,26,0
422,Title_422,Documentary,22,0
423,Title_423,Comedy,130,0
424,Title_424,Action,170,0
425,Title_425,Kabaddi,126,1
426,Title_426,Drama,37,0
427,Title_427,Cricket,57,0
428,Title_428,Drama,134,1
429,Title_429,Action,34,1
430,Title_430,Comedy,138,1
431,Title_431,Comedy,47,0
432,Title_432,Action,58,0
433,Title_433,Cricket,36,0
434,Title_434,Kabaddi,105,0
435,Title_435,Football,145,0
436,Title_436,Cricket,63,0
437,Title_437,Football,44,0
438,Title_438,Action,164,0
439,Title_439,Documentary,32,0
440,Title_440,Football,44,0
441,Title_441,Kabaddi,87,0
442,Title_442,Documentary,157,0
443,Title_443,Football,86,0
444,Title_444,Action,128,1
445,Title_445,Documentary,165,0
446,Title_446,Action,130,0
447,Title_447,Football,130,0
448,Title_448,Action,53,0
449,Title_449,Kabaddi,130,0
450,Title_450,Football,27,0
451,Title_451,Football,132,0
452,Title_452,Football,102,0
453,Title_453,Cricket,61,1
454,Title_454,Cricket,120,0
455,Title_455,Cricket,25,0
456,Title_456,Kabaddi,45,1
457,Title_457,Documentary,83,1
458,Title_458,Action,78,0
459,Title_459,Comedy,128,0
460,Title_460,Football,140,0
461,Title_461,Action,52,0
462,Title_462,Football,169,0
463,Title_463,Kabaddi,40,0
464,Title_464,Football,89,0
465,Title_465,Cricket,131,1
466,Title_466,Comedy,23,1
467,Title_467,Drama,113,0
468,Title_468,Football,94,0
469,Title_469,Action,81,0
470,Title_470,Cricket,113,0
471,Title_471,Drama,114,0
472,Title_472,Comedy,171,0
473,Title_473,Drama,74,0
474,Title_474,Cricket,156,0
475,Title_475,Documentary,150,0
476,Title_476,Documentary,50,0
477,Title_477,Drama,59,0
478,Title_478,Kabaddi,55,0
479,Title_479,Action,171,1
480,Title_480,Action,25,0
481,Title_481,Drama,85,0
482,Title_482,Football,94,0
483,Title_483,Football,23,0
484,Title_484,Action,98,0
485,Title_485,Action,153,0
486,Title_486,Documentary,137,0
487,Title_487,Kabaddi,132,0
488,Title_488,Cricket,113,1
489,Title_489,Football,81,0
490,Title_490,Action,98,0
491,Title_491,Documentary,155,1
492,Title_492,Comedy,45,0
493,Title_493,Documentary,63,1
494,Title_494,Football,152,0
495,Title_495,Football,89,0
496,Title_496,Documentary,173,0
497,Title_497,Cricket,137,0
498,Title_498,Drama,87,0
499,Title_499,Football,38,0
500,Title_500,Documentary,39,0
