user_id,signup_timestamp,signup_platform,campaign_id,trial_eligible,country
1,2025-07-09 00:00:00,ios,,1,IN
2,2025-04-11 00:00:00,android,INSTA_REEL,0,IN
3,2025-12-23 00:00:00,web,REFERRAL,1,IN
4,2025-11-22 00:00:00,smart_tv,FB_JAN,0,IN
5,2025-10-31 00:00:00,smart_tv,INSTA_REEL,1,IN
6,2025-08-06 00:00:00,web,INSTA_REEL,0,IN
7,2025-06-29 00:00:00,android,FB_JAN,1,IN
8,2025-06-14 00:00:00,web,REFERRAL,1,IN
9,2026-05-23 00:00:00,android,,1,IN
10,2025-04-18 00:00:00,android,INSTA_REEL,0,IN
11,2025-04-16 00:00:00,android,FB_JAN,1,IN
12,2025-06-20 00:00:00,ios,,1,IN
13,2025-10-26 00:00:00,web,REFERRAL,1,IN
14,2025-11-10 00:00:00,ios,INSTA_REEL,1,IN
15,2026-08-16 00:00:00,android,,0,IN
16,2025-04-13 00:00:00,android,,1,IN
17,2025-10-06 00:00:00,smart_tv,GOOGLE_SEARCH,0,IN
18,2026-05-20 00:00:00,android,FB_JAN,1,IN
19,2025-10-28 00:00:00,ios,,0,IN
20,2026-06-19 00:00:00,android,REFERRAL,1,IN
21,2025-12-26 00:00:00,web,GOOGLE_SEARCH,1,IN
22,2025-03-23 00:00:00,ios,,1,IN
23,2025-08-27 00:00:00,android,,1,IN
24,2026-05-23 00:00:00,android,REFERRAL,1,IN
25,2026-02-28 00:00:00,ios,GOOGLE_SEARCH,1,IN
26,2025-12-26 00:00:00,ios,GOOGLE_SEARCH,0,IN
27,2025-08-23 00:00:00,android,FB_JAN,1,IN
28,2025-10-23 00:00:00,smart_tv,,0,IN
29,2026-02-24 00:00:00,android,FB_JAN,1,IN
30,2025-06-29 00:00:00,android,GOOGLE_SEARCH,1,IN
31,2025-06-19 00:00:00,smart_tv,FB_JAN,1,IN
32,2026-04-10 00:00:00,android,REFERRAL,0,IN
33,2025-06-24 00:00:00,ios,INSTA_REEL,1,IN
34,2026-03-19 00:00:00,android,REFERRAL,1,IN
35,2026-03-04 00:00:00,android,GOOGLE_SEARCH,1,IN
36,2025-12-12 00:00:00,smart_tv,REFERRAL,1,IN
37,2025-04-30 00:00:00,android,GOOGLE_SEARCH,1,IN
38,2026-06-30 00:00:00,web,REFERRAL,0,IN
39,2025-07-22 00:00:00,android,,1,IN
40,2026-04-08 00:00:00,android,,1,IN
41,2025-06-05 00:00:00,android,REFERRAL,0,IN
42,2026-01-11 00:00:00,ios,FB_JAN,0,IN
43,2026-03-22 00:00:00,android,GOOGLE_SEARCH,0,IN
44,2025-09-29 00:00:00,web,,1,IN
45,2025-05-27 00:00:00,ios,GOOGLE_SEARCH,1,IN
46,2025-05-02 00:00:00,smart_tv,,0,IN
47,2025-11-05 00:00:00,android,INSTA_REEL,1,IN
48,2026-01-07 00:00:00,web,REFERRAL,0,IN
49,2025-06-06 00:00:00,web,,1,IN
50,2025-11-10 00:00:00,web,REFERRAL,0,IN
51,2025-06-28 00:00:00,web,INSTA_REEL,1,IN
52,2026-04-10 00:00:00,web,GOOGLE_SEARCH,1,IN
53,2025-12-26 00:00:00,ios,REFERRAL,1,IN
54,2026-06-24 00:00:00,android,,1,IN
55,2026-03-25 00:00:00,android,INSTA_REEL,1,IN
56,2025-08-30 00:00:00,smart_tv,,1,IN
57,2026-03-31 00:00:00,ios,INSTA_REEL,0,IN
58,2026-03-15 00:00:00,web,INSTA_REEL,0,IN
59,2025-10-17 00:00:00,ios,,1,IN
60,2025-12-15 00:00:00,android,REFERRAL,0,IN
61,2025-05-29 00:00:00,android,GOOGLE_SEARCH,0,IN
62,2025-09-08 00:00:00,ios,GOOGLE_SEARCH,1,IN
63,2025-11-22 00:00:00,android,INSTA_REEL,1,IN
64,2025-08-31 00:00:00,android,,1,IN
65,2026-07-03 00:00:00,ios,INSTA_REEL,0,IN
66,2026-04-09 00:00:00,android,GOOGLE_SEARCH,0,IN
67,2025-12-18 00:00:00,ios,INSTA_REEL,1,IN
68,2025-10-27 00:00:00,android,INSTA_REEL,0,IN
69,2026-02-12 00:00:00,web,GOOGLE_SEARCH,0,IN
70,2025-05-13 00:00:00,android,REFERRAL,1,IN
71,2025-11-06 00:00:00,ios,INSTA_REEL,1,IN
72,2025-04-18 00:00:00,android,REFERRAL,1,IN
73,2026-02-03 00:00:00,android,INSTA_REEL,0,IN
74,2026-05-01 00:00:00,android,,0,IN
75,2025-12-16 00:00:00,ios,INSTA_REEL,1,IN
76,2025-05-23 00:00:00,ios,INSTA_REEL,0,IN
77,2025-10-19 00:00:00,android,FB_JAN,1,IN
78,2026-02-02 00:00:00,ios,,1,IN
79,2025-10-20 00:00:00,web,,1,IN
80,2026-08-10 00:00:00,web,REFERRAL,1,IN
81,2026-04-26 00:00:00,android,REFERRAL,0,IN
82,2026-06-29 00:00:00,ios,INSTA_REEL,1,IN
83,2025-08-10 00:00:00,android,GOOGLE_SEARCH,1,IN
84,2025-12-13 00:00:00,android,INSTA_REEL,1,IN
85,2025-08-06 00:00:00,smart_tv,FB_JAN,0,IN
86,2025-11-24 00:00:00,android,INSTA_REEL,0,IN
87,2025-12-11 00:00:00,ios,FB_JAN,1,IN
88,2026-05-29 00:00:00,ios,INSTA_REEL,1,IN
89,2026-04-29 00:00:00,web,REFERRAL,1,IN
90,2026-03-22 00:00:00,ios,INSTA_REEL,0,IN
91,2025-10-27 00:00:00,android,REFERRAL,1,IN
92,2025-08-05 00:00:00,android,GOOGLE_SEARCH,1,IN
93,2026-08-20 00:00:00,ios,GOOGLE_SEARCH,1,IN
94,2026-08-04 00:00:00,android,,1,IN
95,2025-06-18 00:00:00,android,INSTA_REEL,0,IN
96,2025-05-04 00:00:00,android,,1,IN
97,2025-07-07 00:00:00,android,INSTA_REEL,0,IN
98,2025-08-20 00:00:00,android,GOOGLE_SEARCH,1,IN
99,2025-08-27 00:00:00,android,FB_JAN,1,IN
100,2026-05-23 00:00:00,ios,,1,IN
101,2025-05-21 00:00:00,ios,,1,IN
102,2026-04-15 00:00:00,web,GOOGLE_SEARCH,0,IN
103,2026-04-11 00:00:00,android,GOOGLE_SEARCH,1,IN
104,2026-07-09 00:00:00,android,FB_JAN,1,IN
105,2025-11-29 00:00:00,android,,0,IN
106,2025-03-28 00:00:00,ios,GOOGLE_SEARCH,0,IN
107,2025-07-12 00:00:00,web,GOOGLE_SEARCH,1,IN
108,2025-12-15 00:00:00,android,FB_JAN,0,IN
109,2026-02-28 00:00:00,smart_tv,FB_JAN,1,IN
110,2025-07-09 00:00:00,android,REFERRAL,1,IN
111,2026-01-11 00:00:00,ios,INSTA_REEL,1,IN
112,2026-06-05 00:00:00,web,REFERRAL,0,IN
113,2025-08-25 00:00:00,web,FB_JAN,1,IN
114,2026-06-24 00:00:00,web,GOOGLE_SEARCH,1,IN
115,2025-03-20 00:00:00,web,FB_JAN,0,IN
116,2025-12-11 00:00:00,android,,1,IN
117,2026-08-11 00:00:00,web,GOOGLE_SEARCH,1,IN
118,2025-09-15 00:00:00,android,REFERRAL,1,IN
119,2026-08-18 00:00:00,web,REFERRAL,0,IN
120,2025-07-03 00:00:00,ios,REFERRAL,1,IN
121,2026-01-16 00:00:00,web,GOOGLE_SEARCH,0,IN
122,2026-08-18 00:00:00,ios,INSTA_REEL,0,IN
123,2025-10-06 00:00:00,ios,INSTA_REEL,1,IN
124,2025-08-20 00:00:00,ios,INSTA_REEL,1,IN
125,2026-04-03 00:00:00,web,FB_JAN,0,IN
126,2025-08-29 00:00:00,android,FB_JAN,0,IN
127,2025-03-17 00:00:00,android,,0,IN
128,2026-02-11 00:00:00,android,GOOGLE_SEARCH,0,IN
129,2026-07-30 00:00:00,android,,0,IN
130,2025-04-05 00:00:00,web,FB_JAN,0,IN
131,2025-07-09 00:00:00,android,GOOGLE_SEARCH,1,IN
132,2026-03-23 00:00:00,smart_tv,REFERRAL,1,IN
133,2026-01-25 00:00:00,android,GOOGLE_SEARCH,1,IN
134,2025-11-17 00:00:00,android,FB_JAN,1,IN
135,2025-05-15 00:00:00,web,REFERRAL,0,IN
136,2025-11-18 00:00:00,ios,REFERRAL,1,IN
137,2025-06-05 00:00:00,ios,GOOGLE_SEARCH,1,IN
138,2025-06-12 00:00:00,ios,INSTA_REEL,1,IN
139,2026-07-27 00:00:00,web,FB_JAN,1,IN
140,2025-05-26 00:00:00,android,FB_JAN,1,IN
141,2025-07-23 00:00:00,smart_tv,INSTA_REEL,1,IN
142,2025-07-26 00:00:00,smart_tv,,0,IN
143,2026-07-16 00:00:00,ios,,1,IN
144,2025-09-02 00:00:00,android,FB_JAN,1,IN
145,2025-12-13 00:00:00,ios,INSTA_REEL,1,IN
146,2026-05-24 00:00:00,android,INSTA_REEL,1,IN
147,2025-10-19 00:00:00,android,REFERRAL,0,IN
148,2025-10-08 00:00:00,android,,1,IN
149,2026-01-30 00:00:00,ios,,1,IN
150,2026-04-29 00:00:00,web,REFERRAL,1,IN
151,2026-04-03 00:00:00,web,GOOGLE_SEARCH,1,IN
152,2026-06-08 00:00:00,web,,0,IN
153,2026-08-28 00:00:00,android,REFERRAL,1,IN
154,2026-06-22 00:00:00,android,INSTA_REEL,1,IN
155,2025-07-18 00:00:00,android,GOOGLE_SEARCH,1,IN
156,2025-11-25 00:00:00,smart_tv,FB_JAN,1,IN
157,2025-11-02 00:00:00,android,INSTA_REEL,1,IN
158,2025-05-21 00:00:00,web,GOOGLE_SEARCH,1,IN
159,2026-02-26 00:00:00,ios,REFERRAL,0,IN
160,2025-04-07 00:00:00,android,INSTA_REEL,1,IN
161,2025-11-07 00:00:00,web,GOOGLE_SEARCH,1,IN
162,2025-10-28 00:00:00,ios,FB_JAN,1,IN
163,2025-03-24 00:00:00,web,INSTA_REEL,1,IN
164,2025-05-28 00:00:00,smart_tv,INSTA_REEL,1,IN
165,2025-05-16 00:00:00,android,,0,IN
166,2025-11-06 00:00:00,android,GOOGLE_SEARCH,1,IN
167,2025-05-25 00:00:00,ios,GOOGLE_SEARCH,0,IN
168,2025-04-18 00:00:00,smart_tv,,1,IN
169,2026-02-18 00:00:00,android,REFERRAL,0,IN
170,2025-05-28 00:00:00,ios,REFERRAL,1,IN
171,2026-08-25 00:00:00,ios,,1,IN
172,2025-11-15 00:00:00,web,INSTA_REEL,0,IN
173,2025-12-27 00:00:00,android,FB_JAN,1,IN
174,2026-07-27 00:00:00,web,REFERRAL,1,IN
175,2025-10-22 00:00:00,smart_tv,FB_JAN,0,IN
176,2025-07-30 00:00:00,android,GOOGLE_SEARCH,1,IN
177,2026-07-14 00:00:00,android,GOOGLE_SEARCH,1,IN
178,2025-11-20 00:00:00,smart_tv,REFERRAL,1,IN
179,2026-07-14 00:00:00,android,INSTA_REEL,0,IN
180,2026-05-07 00:00:00,web,GOOGLE_SEARCH,0,IN
181,2025-09-27 00:00:00,ios,FB_JAN,0,IN
182,2025-06-21 00:00:00,android,INSTA_REEL,0,IN
183,2025-06-24 00:00:00,web,REFERRAL,0,IN
184,2026-06-01 00:00:00,android,GOOGLE_SEARCH,1,IN
185,2026-03-14 00:00:00,ios,REFERRAL,1,IN
186,2026-05-24 00:00:00,android,INSTA_REEL,1,IN
187,2026-05-11 00:00:00,ios,INSTA_REEL,1,IN
188,2026-07-08 00:00:00,android,INSTA_REEL,0,IN
189,2025-05-11 00:00:00,android,,0,IN
190,2025-06-25 00:00:00,smart_tv,,1,IN
191,2025-05-18 00:00:00,android,FB_JAN,0,IN
192,2026-05-03 00:00:00,ios,INSTA_REEL,1,IN
193,2026-02-27 00:00:00,android,INSTA_REEL,1,IN
194,2025-07-06 00:00:00,web,GOOGLE_SEARCH,1,IN
195,2025-11-26 00:00:00,android,FB_JAN,1,IN
196,2025-09-29 00:00:00,smart_tv,FB_JAN,1,IN
197,2025-09-27 00:00:00,ios,REFERRAL,1,IN
198,2026-06-19 00:00:00,android,INSTA_REEL,1,IN
199,2025-08-07 00:00:00,android,GOOGLE_SEARCH,1,IN
200,2026-05-23 00:00:00,android,REFERRAL,1,IN
201,2025-09-20 00:00:00,ios,,1,IN
202,2025-12-27 00:00:00,android,INSTA_REEL,1,IN
203,2026-07-03 00:00:00,web,FB_JAN,1,IN
204,2025-11-27 00:00:00,android,INSTA_REEL,1,IN
205,2025-06-02 00:00:00,android,INSTA_REEL,1,IN
206,2026-06-13 00:00:00,ios,,0,IN
207,2025-06-25 00:00:00,web,GOOGLE_SEARCH,1,IN
208,2025-05-07 00:00:00,android,GOOGLE_SEARCH,1,IN
209,2025-04-01 00:00:00,android,GOOGLE_SEARCH,1,IN
210,2025-06-20 00:00:00,android,REFERRAL,0,IN
211,2025-11-14 00:00:00,web,GOOGLE_SEARCH,1,IN
212,2025-09-03 00:00:00,ios,REFERRAL,1,IN
213,2026-05-07 00:00:00,ios,,1,IN
214,2026-07-27 00:00:00,web,INSTA_REEL,1,IN
215,2026-07-22 00:00:00,web,REFERRAL,1,IN
216,2025-10-21 00:00:00,ios,,1,IN
217,2026-05-01 00:00:00,web,REFERRAL,1,IN
218,2025-05-16 00:00:00,android,,0,IN
219,2025-09-01 00:00:00,android,GOOGLE_SEARCH,1,IN
220,2026-04-09 00:00:00,android,GOOGLE_SEARCH,0,IN
221,2025-03-19 00:00:00,android,,1,IN
222,2026-04-20 00:00:00,ios,FB_JAN,0,IN
223,2025-12-13 00:00:00,smart_tv,,0,IN
224,2026-06-25 00:00:00,android,REFERRAL,0,IN
225,2026-01-03 00:00:00,android,,0,IN
226,2026-05-24 00:00:00,ios,INSTA_REEL,1,IN
227,2026-07-28 00:00:00,smart_tv,FB_JAN,1,IN
228,2025-08-22 00:00:00,android,,1,IN
229,2025-09-27 00:00:00,ios,FB_JAN,0,IN
230,2026-01-14 00:00:00,android,FB_JAN,0,IN
231,2025-10-25 00:00:00,android,,0,IN
232,2025-05-15 00:00:00,smart_tv,,0,IN
233,2025-05-18 00:00:00,smart_tv,GOOGLE_SEARCH,1,IN
234,2026-02-01 00:00:00,android,,0,IN
235,2025-05-14 00:00:00,smart_tv,,1,IN
236,2025-05-07 00:00:00,ios,GOOGLE_SEARCH,0,IN
237,2026-07-18 00:00:00,web,GOOGLE_SEARCH,0,IN
238,2026-08-13 00:00:00,ios,INSTA_REEL,1,IN
239,2025-08-25 00:00:00,ios,,1,IN
240,2025-05-14 00:00:00,ios,REFERRAL,0,IN
241,2026-08-19 00:00:00,ios,FB_JAN,0,IN
242,2025-06-07 00:00:00,android,GOOGLE_SEARCH,1,IN
243,2025-09-23 00:00:00,android,,0,IN
244,2025-05-26 00:00:00,android,REFERRAL,0,IN
245,2025-05-25 00:00:00,web,FB_JAN,1,IN
246,2025-11-12 00:00:00,android,,1,IN
247,2026-05-04 00:00:00,ios,REFERRAL,1,IN
248,2025-07-17 00:00:00,smart_tv,FB_JAN,1,IN
249,2025-11-24 00:00:00,android,REFERRAL,1,IN
250,2025-04-26 00:00:00,ios,GOOGLE_SEARCH,1,IN
251,2025-06-08 00:00:00,android,,1,IN
252,2026-05-20 00:00:00,web,REFERRAL,1,IN
253,2026-09-03 00:00:00,android,REFERRAL,0,IN
254,2026-02-03 00:00:00,ios,,1,IN
255,2025-12-09 00:00:00,web,FB_JAN,1,IN
256,2025-10-12 00:00:00,smart_tv,,1,IN
257,2026-02-01 00:00:00,ios,REFERRAL,1,IN
258,2025-11-16 00:00:00,ios,INSTA_REEL,1,IN
259,2025-12-13 00:00:00,ios,FB_JAN,0,IN
260,2026-04-26 00:00:00,web,REFERRAL,1,IN
261,2025-07-29 00:00:00,ios,INSTA_REEL,0,IN
262,2026-01-18 00:00:00,android,FB_JAN,1,IN
263,2026-06-28 00:00:00,smart_tv,GOOGLE_SEARCH,0,IN
264,2026-02-03 00:00:00,ios,,1,IN
265,2025-05-30 00:00:00,ios,FB_JAN,0,IN
266,2025-03-26 00:00:00,android,FB_JAN,1,IN
267,2026-06-29 00:00:00,ios,REFERRAL,1,IN
268,2025-06-27 00:00:00,android,INSTA_REEL,0,IN
269,2025-05-31 00:00:00,ios,FB_JAN,1,IN
270,2025-10-21 00:00:00,android,,1,IN
271,2026-08-17 00:00:00,ios,FB_JAN,0,IN
272,2025-12-13 00:00:00,smart_tv,FB_JAN,1,IN
273,2025-07-30 00:00:00,android,REFERRAL,0,IN
274,2026-03-09 00:00:00,smart_tv,FB_JAN,1,IN
275,2025-05-26 00:00:00,android,INSTA_REEL,1,IN
276,2025-11-22 00:00:00,web,REFERRAL,1,IN
277,2026-03-30 00:00:00,web,GOOGLE_SEARCH,1,IN
278,2026-01-02 00:00:00,ios,GOOGLE_SEARCH,0,IN
279,2025-08-25 00:00:00,web,REFERRAL,0,IN
280,2026-06-08 00:00:00,web,INSTA_REEL,1,IN
281,2026-01-20 00:00:00,android,REFERRAL,1,IN
282,2025-03-25 00:00:00,android,REFERRAL,1,IN
283,2026-01-17 00:00:00,ios,REFERRAL,1,IN
284,2025-07-01 00:00:00,web,REFERRAL,1,IN
285,2025-08-01 00:00:00,web,FB_JAN,1,IN
286,2025-12-12 00:00:00,web,,1,IN
287,2025-07-13 00:00:00,android,GOOGLE_SEARCH,1,IN
288,2025-07-04 00:00:00,web,INSTA_REEL,1,IN
289,2025-08-23 00:00:00,android,FB_JAN,0,IN
290,2025-12-20 00:00:00,ios,GOOGLE_SEARCH,1,IN
291,2025-12-30 00:00:00,android,,1,IN
292,2025-10-18 00:00:00,android,REFERRAL,1,IN
293,2026-03-03 00:00:00,android,,0,IN
294,2025-10-11 00:00:00,android,GOOGLE_SEARCH,1,IN
295,2025-12-12 00:00:00,ios,GOOGLE_SEARCH,1,IN
296,2026-08-16 00:00:00,android,FB_JAN,1,IN
297,2026-07-30 00:00:00,android,FB_JAN,0,IN
298,2025-11-29 00:00:00,android,INSTA_REEL,0,IN
299,2025-05-08 00:00:00,android,REFERRAL,1,IN
300,2025-06-19 00:00:00,android,,1,IN
301,2026-05-24 00:00:00,android,REFERRAL,1,IN
302,2025-12-25 00:00:00,ios,,1,IN
303,2025-05-01 00:00:00,ios,REFERRAL,0,IN
304,2025-03-20 00:00:00,ios,GOOGLE_SEARCH,1,IN
305,2026-02-21 00:00:00,ios,GOOGLE_SEARCH,0,IN
306,2025-07-28 00:00:00,android,REFERRAL,1,IN
307,2025-12-10 00:00:00,web,INSTA_REEL,1,IN
308,2025-08-29 00:00:00,ios,GOOGLE_SEARCH,1,IN
309,2026-06-12 00:00:00,ios,INSTA_REEL,1,IN
310,2026-05-28 00:00:00,android,GOOGLE_SEARCH,1,IN
311,2025-03-26 00:00:00,android,FB_JAN,1,IN
312,2025-07-09 00:00:00,android,FB_JAN,0,IN
313,2025-06-02 00:00:00,android,REFERRAL,1,IN
314,2025-08-16 00:00:00,ios,,1,IN
315,2025-04-22 00:00:00,ios,FB_JAN,0,IN
316,2026-03-30 00:00:00,ios,GOOGLE_SEARCH,1,IN
317,2025-08-15 00:00:00,web,GOOGLE_SEARCH,1,IN
318,2026-05-31 00:00:00,web,FB_JAN,1,IN
319,2025-07-25 00:00:00,web,FB_JAN,1,IN
320,2025-04-28 00:00:00,smart_tv,,1,IN
321,2026-01-26 00:00:00,android,FB_JAN,0,IN
322,2026-03-25 00:00:00,android,REFERRAL,0,IN
323,2025-04-26 00:00:00,android,,1,IN
324,2026-03-18 00:00:00,ios,FB_JAN,1,IN
325,2025-10-18 00:00:00,web,GOOGLE_SEARCH,0,IN
326,2025-11-27 00:00:00,android,FB_JAN,1,IN
327,2025-06-30 00:00:00,smart_tv,REFERRAL,1,IN
328,2026-03-14 00:00:00,android,REFERRAL,1,IN
329,2026-05-07 00:00:00,smart_tv,GOOGLE_SEARCH,0,IN
330,2025-08-22 00:00:00,android,,1,IN
331,2025-11-14 00:00:00,android,GOOGLE_SEARCH,1,IN
332,2025-08-30 00:00:00,ios,FB_JAN,1,IN
333,2025-09-14 00:00:00,android,GOOGLE_SEARCH,1,IN
334,2026-05-13 00:00:00,android,,1,IN
335,2025-04-11 00:00:00,android,INSTA_REEL,1,IN
336,2025-09-16 00:00:00,web,GOOGLE_SEARCH,0,IN
337,2026-02-20 00:00:00,ios,,1,IN
338,2026-05-12 00:00:00,android,INSTA_REEL,1,IN
339,2025-11-26 00:00:00,ios,,1,IN
340,2025-12-15 00:00:00,web,,0,IN
341,2025-08-27 00:00:00,android,INSTA_REEL,0,IN
342,2025-07-05 00:00:00,android,GOOGLE_SEARCH,1,IN
343,2026-04-12 00:00:00,android,INSTA_REEL,1,IN
344,2025-04-25 00:00:00,android,GOOGLE_SEARCH,1,IN
345,2026-07-11 00:00:00,ios,,1,IN
346,2025-10-30 00:00:00,android,GOOGLE_SEARCH,1,IN
347,2025-10-07 00:00:00,ios,REFERRAL,1,IN
348,2026-07-01 00:00:00,web,INSTA_REEL,1,IN
349,2026-03-10 00:00:00,android,INSTA_REEL,1,IN
350,2026-01-23 00:00:00,ios,FB_JAN,1,IN
351,2025-11-05 00:00:00,android,,0,IN
352,2025-10-31 00:00:00,smart_tv,,1,IN
353,2025-04-10 00:00:00,ios,GOOGLE_SEARCH,1,IN
354,2025-09-30 00:00:00,web,REFERRAL,0,IN
355,2026-04-29 00:00:00,ios,,0,IN
356,2026-02-16 00:00:00,android,REFERRAL,1,IN
357,2025-12-27 00:00:00,ios,FB_JAN,0,IN
358,2025-05-27 00:00:00,smart_tv,INSTA_REEL,0,IN
359,2025-12-27 00:00:00,ios,REFERRAL,1,IN
360,2026-03-11 00:00:00,web,,1,IN
361,2026-08-20 00:00:00,web,INSTA_REEL,1,IN
362,2026-04-30 00:00:00,android,REFERRAL,0,IN
363,2026-02-19 00:00:00,android,REFERRAL,0,IN
364,2025-04-14 00:00:00,ios,GOOGLE_SEARCH,1,IN
365,2025-07-13 00:00:00,android,INSTA_REEL,1,IN
366,2025-12-09 00:00:00,web,REFERRAL,1,IN
367,2025-09-15 00:00:00,smart_tv,GOOGLE_SEARCH,1,IN
368,2025-12-13 00:00:00,android,,1,IN
369,2025-04-25 00:00:00,android,REFERRAL,0,IN
370,2025-07-06 00:00:00,web,GOOGLE_SEARCH,1,IN
371,2026-06-04 00:00:00,android,GOOGLE_SEARCH,0,IN
372,2026-03-05 00:00:00,web,INSTA_REEL,1,IN
373,2026-02-01 00:00:00,android,GOOGLE_SEARCH,1,IN
374,2026-06-06 00:00:00,ios,REFERRAL,1,IN
375,2026-08-22 00:00:00,android,FB_JAN,0,IN
376,2025-07-13 00:00:00,ios,,0,IN
377,2026-04-15 00:00:00,ios,REFERRAL,1,IN
378,2025-09-27 00:00:00,ios,REFERRAL,0,IN
379,2025-12-02 00:00:00,android,,1,IN
380,2025-05-01 00:00:00,web,,0,IN
381,2026-06-06 00:00:00,web,GOOGLE_SEARCH,1,IN
382,2025-03-18 00:00:00,android,REFERRAL,1,IN
383,2026-08-31 00:00:00,android,GOOGLE_SEARCH,1,IN
384,2025-10-04 00:00:00,android,INSTA_REEL,1,IN
385,2026-03-24 00:00:00,ios,GOOGLE_SEARCH,0,IN
386,2026-06-01 00:00:00,ios,INSTA_REEL,0,IN
387,2025-05-27 00:00:00,ios,FB_JAN,1,IN
388,2026-02-18 00:00:00,android,REFERRAL,1,IN
389,2026-02-01 00:00:00,android,INSTA_REEL,1,IN
390,2025-07-22 00:00:00,ios,FB_JAN,0,IN
391,2026-01-18 00:00:00,ios,,0,IN
392,2026-08-18 00:00:00,smart_tv,GOOGLE_SEARCH,0,IN
393,2026-01-27 00:00:00,android,FB_JAN,1,IN
394,2026-05-09 00:00:00,ios,INSTA_REEL,0,IN
395,2026-02-14 00:00:00,android,REFERRAL,1,IN
396,2026-05-03 00:00:00,android,,0,IN
397,2026-01-13 00:00:00,web,,1,IN
398,2025-07-25 00:00:00,ios,FB_JAN,1,IN
399,2025-09-29 00:00:00,smart_tv,FB_JAN,1,IN
400,2026-05-21 00:00:00,android,GOOGLE_SEARCH,1,IN
401,2026-04-09 00:00:00,android,,1,IN
402,2025-09-11 00:00:00,web,,1,IN
403,2026-01-19 00:00:00,ios,GOOGLE_SEARCH,1,IN
404,2026-05-06 00:00:00,android,REFERRAL,1,IN
405,2025-03-17 00:00:00,android,GOOGLE_SEARCH,1,IN
406,2026-01-22 00:00:00,android,INSTA_REEL,0,IN
407,2026-01-04 00:00:00,web,INSTA_REEL,1,IN
408,2025-10-18 00:00:00,android,FB_JAN,0,IN
409,2026-05-31 00:00:00,android,GOOGLE_SEARCH,0,IN
410,2026-02-09 00:00:00,android,GOOGLE_SEARCH,1,IN
411,2026-07-06 00:00:00,android,FB_JAN,1,IN
412,2026-06-12 00:00:00,android,REFERRAL,1,IN
413,2026-06-12 00:00:00,ios,GOOGLE_SEARCH,1,IN
414,2025-10-21 00:00:00,android,,1,IN
415,2026-08-22 00:00:00,web,GOOGLE_SEARCH,1,IN
416,2026-07-14 00:00:00,android,REFERRAL,0,IN
417,2025-09-06 00:00:00,ios,GOOGLE_SEARCH,0,IN
418,2025-06-11 00:00:00,web,,1,IN
419,2026-01-01 00:00:00,ios,INSTA_REEL,0,IN
420,2026-08-26 00:00:00,ios,INSTA_REEL,0,IN
421,2026-02-23 00:00:00,android,REFERRAL,1,IN
422,2025-06-20 00:00:00,android,REFERRAL,1,IN
423,2025-11-12 00:00:00,ios,,1,IN
424,2026-01-28 00:00:00,smart_tv,INSTA_REEL,1,IN
425,2025-11-02 00:00:00,ios,INSTA_REEL,1,IN
426,2025-10-06 00:00:00,ios,INSTA_REEL,0,IN
427,2025-08-14 00:00:00,web,INSTA_REEL,0,IN
428,2025-04-11 00:00:00,ios,,1,IN
429,2025-05-03 00:00:00,android,REFERRAL,1,IN
430,2025-11-22 00:00:00,ios,REFERRAL,1,IN
431,2026-07-16 00:00:00,smart_tv,FB_JAN,0,IN
432,2025-05-30 00:00:00,android,REFERRAL,1,IN
433,2026-06-26 00:00:00,ios,INSTA_REEL,1,IN
434,2026-05-15 00:00:00,android,GOOGLE_SEARCH,1,IN
435,2025-10-02 00:00:00,ios,INSTA_REEL,1,IN
436,2026-04-14 00:00:00,android,INSTA_REEL,1,IN
437,2026-08-05 00:00:00,ios,REFERRAL,1,IN
438,2026-04-30 00:00:00,web,FB_JAN,1,IN
439,2025-11-21 00:00:00,android,,1,IN
440,2025-08-15 00:00:00,ios,GOOGLE_SEARCH,1,IN
441,2025-03-22 00:00:00,web,GOOGLE_SEARCH,1,IN
442,2025-07-04 00:00:00,smart_tv,FB_JAN,1,IN
443,2026-05-26 00:00:00,android,INSTA_REEL,1,IN
444,2025-10-27 00:00:00,android,,0,IN
445,2025-09-13 00:00:00,android,,1,IN
446,2026-08-29 00:00:00,smart_tv,,1,IN
447,2026-07-05 00:00:00,smart_tv,REFERRAL,1,IN
448,2025-05-07 00:00:00,ios,INSTA_REEL,1,IN
449,2025-11-27 00:00:00,web,GOOGLE_SEARCH,1,IN
450,2025-07-19 00:00:00,ios,GOOGLE_SEARCH,0,IN
451,2026-06-27 00:00:00,ios,INSTA_REEL,1,IN
452,2025-07-31 00:00:00,android,GOOGLE_SEARCH,1,IN
453,2026-07-05 00:00:00,web,REFERRAL,1,IN
454,2026-02-04 00:00:00,android,,1,IN
455,2026-06-13 00:00:00,web,GOOGLE_SEARCH,1,IN
456,2026-08-15 00:00:00,web,REFERRAL,1,IN
457,2026-05-27 00:00:00,web,,0,IN
458,2026-06-16 00:00:00,android,INSTA_REEL,1,IN
459,2025-08-26 00:00:00,android,INSTA_REEL,1,IN
460,2026-07-16 00:00:00,android,REFERRAL,1,IN
461,2026-06-20 00:00:00,android,REFERRAL,1,IN
462,2025-12-07 00:00:00,android,REFERRAL,1,IN
463,2025-11-25 00:00:00,smart_tv,GOOGLE_SEARCH,0,IN
464,2025-12-25 00:00:00,ios,INSTA_REEL,1,IN
465,2026-09-01 00:00:00,android,GOOGLE_SEARCH,1,IN
466,2026-07-26 00:00:00,android,GOOGLE_SEARCH,1,IN
467,2025-11-16 00:00:00,android,,1,IN
468,2025-12-23 00:00:00,ios,REFERRAL,0,IN
469,2026-06-10 00:00:00,ios,GOOGLE_SEARCH,0,IN
470,2025-06-04 00:00:00,smart_tv,,1,IN
471,2026-01-03 00:00:00,ios,FB_JAN,1,IN
472,2025-11-12 00:00:00,smart_tv,,0,IN
473,2025-12-20 00:00:00,web,FB_JAN,1,IN
474,2026-02-23 00:00:00,android,FB_JAN,1,IN
475,2026-02-07 00:00:00,smart_tv,FB_JAN,1,IN
476,2025-06-07 00:00:00,android,FB_JAN,1,IN
477,2025-08-05 00:00:00,web,REFERRAL,0,IN
478,2025-08-18 00:00:00,android,GOOGLE_SEARCH,0,IN
479,2025-11-08 00:00:00,web,GOOGLE_SEARCH,1,IN
480,2026-04-13 00:00:00,web,FB_JAN,1,IN
481,2025-08-20 00:00:00,web,GOOGLE_SEARCH,1,IN
482,2025-10-22 00:00:00,web,FB_JAN,1,IN
483,2025-05-21 00:00:00,android,GOOGLE_SEARCH,1,IN
484,2026-05-15 00:00:00,android,,1,IN
485,2026-05-08 00:00:00,android,REFERRAL,1,IN
486,2026-02-18 00:00:00,android,INSTA_REEL,1,IN
487,2026-07-07 00:00:00,ios,FB_JAN,1,IN
488,2026-05-16 00:00:00,android,,0,IN
489,2025-05-19 00:00:00,smart_tv,,1,IN
490,2025-10-14 00:00:00,ios,REFERRAL,0,IN
491,2026-05-21 00:00:00,web,REFERRAL,1,IN
492,2026-04-19 00:00:00,android,FB_JAN,1,IN
493,2025-04-06 00:00:00,web,FB_JAN,1,IN
494,2026-04-10 00:00:00,smart_tv,,1,IN
495,2026-07-18 00:00:00,ios,,0,IN
496,2025-03-23 00:00:00,ios,REFERRAL,0,IN
497,2026-03-12 00:00:00,web,FB_JAN,1,IN
498,2026-01-16 00:00:00,android,FB_JAN,0,IN
499,2026-04-20 00:00:00,ios,,1,IN
500,2026-05-20 00:00:00,android,INSTA_REEL,1,IN
501,2025-10-28 00:00:00,android,,1,IN
502,2026-07-29 00:00:00,android,INSTA_REEL,1,IN
503,2025-10-27 00:00:00,android,FB_JAN,0,IN
504,2025-12-21 00:00:00,android,,1,IN
505,2026-06-06 00:00:00,android,REFERRAL,1,IN
506,2026-07-27 00:00:00,smart_tv,GOOGLE_SEARCH,0,IN
507,2025-04-15 00:00:00,ios,FB_JAN,1,IN
508,2026-04-19 00:00:00,smart_tv,FB_JAN,0,IN
509,2026-02-24 00:00:00,android,,1,IN
510,2026-05-05 00:00:00,android,GOOGLE_SEARCH,1,IN
511,2025-09-02 00:00:00,ios,GOOGLE_SEARCH,0,IN
512,2026-07-08 00:00:00,android,GOOGLE_SEARCH,1,IN
513,2025-07-25 00:00:00,android,,1,IN
514,2025-04-13 00:00:00,ios,,1,IN
515,2026-04-24 00:00:00,android,INSTA_REEL,1,IN
516,2025-04-13 00:00:00,ios,INSTA_REEL,1,IN
517,2025-06-10 00:00:00,ios,INSTA_REEL,0,IN
518,2026-05-29 00:00:00,android,REFERRAL,1,IN
519,2025-08-02 00:00:00,android,FB_JAN,0,IN
520,2026-07-02 00:00:00,web,INSTA_REEL,1,IN
521,2025-09-19 00:00:00,ios,REFERRAL,1,IN
522,2025-05-07 00:00:00,android,REFERRAL,1,IN
523,2025-12-08 00:00:00,smart_tv,,1,IN
524,2026-04-09 00:00:00,android,GOOGLE_SEARCH,0,IN
525,2026-02-15 00:00:00,ios,GOOGLE_SEARCH,1,IN
526,2025-10-19 00:00:00,smart_tv,INSTA_REEL,0,IN
527,2026-06-25 00:00:00,android,FB_JAN,0,IN
528,2026-02-14 00:00:00,android,FB_JAN,0,IN
529,2026-02-25 00:00:00,android,FB_JAN,1,IN
530,2026-04-09 00:00:00,android,REFERRAL,0,IN
531,2025-12-26 00:00:00,android,REFERRAL,0,IN
532,2026-05-22 00:00:00,ios,REFERRAL,0,IN
533,2025-11-30 00:00:00,android,,0,IN
534,2025-06-08 00:00:00,ios,REFERRAL,1,IN
535,2026-07-11 00:00:00,smart_tv,FB_JAN,1,IN
536,2025-04-05 00:00:00,web,FB_JAN,1,IN
537,2025-05-09 00:00:00,ios,GOOGLE_SEARCH,1,IN
538,2026-03-10 00:00:00,android,FB_JAN,0,IN
539,2025-11-01 00:00:00,ios,REFERRAL,1,IN
540,2025-05-26 00:00:00,ios,REFERRAL,1,IN
541,2025-04-27 00:00:00,android,INSTA_REEL,0,IN
542,2025-04-17 00:00:00,android,,0,IN
543,2025-11-25 00:00:00,web,FB_JAN,0,IN
544,2025-10-07 00:00:00,android,,0,IN
545,2025-04-06 00:00:00,android,FB_JAN,1,IN
546,2025-08-20 00:00:00,android,GOOGLE_SEARCH,1,IN
547,2025-11-16 00:00:00,android,GOOGLE_SEARCH,0,IN
548,2025-07-24 00:00:00,web,,0,IN
549,2026-07-14 00:00:00,web,REFERRAL,1,IN
550,2025-07-12 00:00:00,web,INSTA_REEL,0,IN
551,2025-10-26 00:00:00,android,FB_JAN,1,IN
552,2026-07-06 00:00:00,android,FB_JAN,1,IN
553,2025-12-04 00:00:00,ios,INSTA_REEL,0,IN
554,2026-03-29 00:00:00,android,,0,IN
555,2025-09-04 00:00:00,android,,1,IN
556,2025-07-12 00:00:00,web,FB_JAN,1,IN
557,2025-08-31 00:00:00,android,GOOGLE_SEARCH,1,IN
558,2026-01-29 00:00:00,ios,INSTA_REEL,1,IN
559,2025-07-05 00:00:00,android,FB_JAN,0,IN
560,2025-04-12 00:00:00,android,GOOGLE_SEARCH,1,IN
561,2026-01-30 00:00:00,android,,1,IN
562,2026-04-05 00:00:00,smart_tv,GOOGLE_SEARCH,0,IN
563,2026-04-27 00:00:00,web,REFERRAL,1,IN
564,2025-10-06 00:00:00,smart_tv,FB_JAN,0,IN
565,2025-06-02 00:00:00,ios,INSTA_REEL,1,IN
566,2025-11-20 00:00:00,android,GOOGLE_SEARCH,0,IN
567,2025-06-29 00:00:00,ios,,1,IN
568,2026-01-19 00:00:00,ios,GOOGLE_SEARCH,1,IN
569,2025-07-18 00:00:00,web,,1,IN
570,2025-04-28 00:00:00,android,REFERRAL,0,IN
571,2026-03-07 00:00:00,ios,,1,IN
572,2026-05-29 00:00:00,android,INSTA_REEL,1,IN
573,2026-03-31 00:00:00,android,REFERRAL,1,IN
574,2025-05-26 00:00:00,web,GOOGLE_SEARCH,1,IN
575,2026-08-17 00:00:00,ios,FB_JAN,1,IN
576,2026-03-01 00:00:00,android,,1,IN
577,2025-03-29 00:00:00,android,INSTA_REEL,1,IN
578,2026-05-21 00:00:00,ios,FB_JAN,1,IN
579,2026-07-31 00:00:00,web,FB_JAN,1,IN
580,2025-07-03 00:00:00,web,REFERRAL,1,IN
581,2026-06-03 00:00:00,smart_tv,GOOGLE_SEARCH,1,IN
582,2026-03-22 00:00:00,web,FB_JAN,1,IN
583,2026-06-30 00:00:00,android,INSTA_REEL,1,IN
584,2025-08-20 00:00:00,ios,,0,IN
585,2026-06-05 00:00:00,android,,1,IN
586,2025-09-13 00:00:00,android,,1,IN
587,2026-09-02 00:00:00,web,REFERRAL,1,IN
588,2025-12-18 00:00:00,android,INSTA_REEL,1,IN
589,2026-07-25 00:00:00,smart_tv,FB_JAN,1,IN
590,2026-07-06 00:00:00,ios,INSTA_REEL,1,IN
591,2026-06-06 00:00:00,ios,REFERRAL,1,IN
592,2025-12-16 00:00:00,ios,REFERRAL,1,IN
593,2026-02-10 00:00:00,web,GOOGLE_SEARCH,1,IN
594,2025-11-23 00:00:00,ios,INSTA_REEL,1,IN
595,2025-06-13 00:00:00,ios,,1,IN
596,2025-12-27 00:00:00,android,REFERRAL,0,IN
597,2026-06-21 00:00:00,ios,REFERRAL,0,IN
598,2025-11-21 00:00:00,android,GOOGLE_SEARCH,1,IN
599,2026-07-05 00:00:00,web,,0,IN
600,2026-04-09 00:00:00,ios,REFERRAL,1,IN
601,2026-02-24 00:00:00,ios,FB_JAN,1,IN
602,2025-04-15 00:00:00,android,,1,IN
603,2026-08-05 00:00:00,android,INSTA_REEL,1,IN
604,2026-02-12 00:00:00,web,GOOGLE_SEARCH,0,IN
605,2025-09-19 00:00:00,android,FB_JAN,1,IN
606,2026-07-29 00:00:00,android,FB_JAN,1,IN
607,2025-10-20 00:00:00,android,INSTA_REEL,1,IN
608,2026-03-15 00:00:00,smart_tv,GOOGLE_SEARCH,0,IN
609,2025-12-06 00:00:00,web,REFERRAL,1,IN
610,2026-02-28 00:00:00,android,GOOGLE_SEARCH,0,IN
611,2025-12-28 00:00:00,android,REFERRAL,0,IN
612,2025-12-24 00:00:00,android,INSTA_REEL,0,IN
613,2025-03-27 00:00:00,web,INSTA_REEL,0,IN
614,2026-08-28 00:00:00,ios,FB_JAN,1,IN
615,2025-09-28 00:00:00,android,FB_JAN,0,IN
616,2025-06-12 00:00:00,android,FB_JAN,1,IN
617,2025-11-19 00:00:00,android,INSTA_REEL,1,IN
618,2026-05-07 00:00:00,ios,REFERRAL,1,IN
619,2026-07-30 00:00:00,web,INSTA_REEL,0,IN
620,2025-11-18 00:00:00,android,INSTA_REEL,1,IN
621,2026-07-17 00:00:00,android,FB_JAN,1,IN
622,2026-08-01 00:00:00,android,GOOGLE_SEARCH,1,IN
623,2026-06-18 00:00:00,smart_tv,FB_JAN,0,IN
624,2025-04-03 00:00:00,android,GOOGLE_SEARCH,1,IN
625,2025-06-20 00:00:00,web,REFERRAL,1,IN
626,2026-01-12 00:00:00,ios,REFERRAL,1,IN
627,2025-10-29 00:00:00,android,,0,IN
628,2026-05-05 00:00:00,android,,1,IN
629,2025-11-21 00:00:00,android,,0,IN
630,2026-01-24 00:00:00,ios,REFERRAL,0,IN
631,2026-03-29 00:00:00,web,FB_JAN,1,IN
632,2026-07-14 00:00:00,ios,FB_JAN,0,IN
633,2026-03-04 00:00:00,ios,FB_JAN,0,IN
634,2026-05-26 00:00:00,android,INSTA_REEL,0,IN
635,2026-02-18 00:00:00,smart_tv,,1,IN
636,2026-03-12 00:00:00,web,FB_JAN,1,IN
637,2026-06-24 00:00:00,android,,1,IN
638,2025-12-19 00:00:00,smart_tv,,1,IN
639,2026-01-24 00:00:00,ios,INSTA_REEL,0,IN
640,2025-11-29 00:00:00,ios,REFERRAL,1,IN
641,2025-11-08 00:00:00,web,FB_JAN,1,IN
642,2025-07-18 00:00:00,web,INSTA_REEL,0,IN
643,2025-09-30 00:00:00,ios,REFERRAL,1,IN
644,2026-02-03 00:00:00,android,REFERRAL,1,IN
645,2025-07-17 00:00:00,android,FB_JAN,0,IN
646,2025-09-22 00:00:00,smart_tv,,0,IN
647,2025-09-29 00:00:00,android,GOOGLE_SEARCH,0,IN
648,2025-10-24 00:00:00,android,,0,IN
649,2026-07-25 00:00:00,android,,1,IN
650,2025-12-25 00:00:00,android,GOOGLE_SEARCH,1,IN
651,2026-09-05 00:00:00,ios,REFERRAL,1,IN
652,2025-12-31 00:00:00,smart_tv,GOOGLE_SEARCH,1,IN
653,2025-06-27 00:00:00,android,GOOGLE_SEARCH,0,IN
654,2025-10-01 00:00:00,android,INSTA_REEL,1,IN
655,2026-01-14 00:00:00,android,INSTA_REEL,1,IN
656,2025-11-04 00:00:00,web,INSTA_REEL,1,IN
657,2026-03-21 00:00:00,ios,REFERRAL,1,IN
658,2025-09-16 00:00:00,android,GOOGLE_SEARCH,1,IN
659,2026-01-20 00:00:00,web,FB_JAN,1,IN
660,2025-03-31 00:00:00,web,GOOGLE_SEARCH,1,IN
661,2025-07-24 00:00:00,web,REFERRAL,0,IN
662,2025-12-22 00:00:00,smart_tv,INSTA_REEL,0,IN
663,2025-05-02 00:00:00,android,REFERRAL,0,IN
664,2025-05-11 00:00:00,web,INSTA_REEL,1,IN
665,2026-01-10 00:00:00,ios,REFERRAL,1,IN
666,2025-07-24 00:00:00,web,FB_JAN,1,IN
667,2026-08-01 00:00:00,web,INSTA_REEL,1,IN
668,2025-06-30 00:00:00,web,INSTA_REEL,1,IN
669,2025-03-29 00:00:00,ios,GOOGLE_SEARCH,1,IN
670,2026-01-02 00:00:00,android,REFERRAL,0,IN
671,2026-07-10 00:00:00,ios,,0,IN
672,2026-07-20 00:00:00,smart_tv,,1,IN
673,2026-06-11 00:00:00,smart_tv,GOOGLE_SEARCH,1,IN
674,2026-02-28 00:00:00,android,REFERRAL,1,IN
675,2025-09-21 00:00:00,android,FB_JAN,0,IN
676,2025-05-08 00:00:00,android,GOOGLE_SEARCH,0,IN
677,2025-11-30 00:00:00,web,INSTA_REEL,1,IN
678,2026-07-19 00:00:00,web,FB_JAN,0,IN
679,2025-07-11 00:00:00,android,REFERRAL,0,IN
680,2025-05-22 00:00:00,ios,INSTA_REEL,1,IN
681,2026-05-01 00:00:00,web,,0,IN
682,2026-08-02 00:00:00,web,REFERRAL,1,IN
683,2025-05-31 00:00:00,ios,INSTA_REEL,0,IN
684,2025-05-10 00:00:00,ios,REFERRAL,0,IN
685,2025-08-19 00:00:00,ios,INSTA_REEL,1,IN
686,2025-08-16 00:00:00,android,REFERRAL,1,IN
687,2026-01-22 00:00:00,ios,,1,IN
688,2025-06-12 00:00:00,ios,GOOGLE_SEARCH,1,IN
689,2025-11-26 00:00:00,web,INSTA_REEL,0,IN
690,2025-07-16 00:00:00,ios,INSTA_REEL,1,IN
691,2026-05-17 00:00:00,web,,0,IN
692,2025-11-03 00:00:00,android,GOOGLE_SEARCH,1,IN
693,2026-09-03 00:00:00,ios,REFERRAL,1,IN
694,2026-04-10 00:00:00,android,INSTA_REEL,1,IN
695,2026-06-21 00:00:00,android,GOOGLE_SEARCH,1,IN
696,2026-06-13 00:00:00,web,REFERRAL,0,IN
697,2026-01-15 00:00:00,smart_tv,INSTA_REEL,0,IN
698,2026-05-30 00:00:00,android,INSTA_REEL,1,IN
699,2026-01-23 00:00:00,android,REFERRAL,1,IN
700,2025-05-17 00:00:00,web,,1,IN
701,2025-06-26 00:00:00,android,GOOGLE_SEARCH,0,IN
702,2025-10-15 00:00:00,ios,INSTA_REEL,1,IN
703,2025-10-19 00:00:00,web,REFERRAL,0,IN
704,2025-12-12 00:00:00,ios,INSTA_REEL,1,IN
705,2025-06-08 00:00:00,android,REFERRAL,1,IN
706,2025-08-24 00:00:00,android,INSTA_REEL,1,IN
707,2025-11-17 00:00:00,web,FB_JAN,0,IN
708,2025-09-10 00:00:00,ios,,1,IN
709,2025-06-01 00:00:00,android,GOOGLE_SEARCH,1,IN
710,2025-08-24 00:00:00,web,,1,IN
711,2025-03-19 00:00:00,android,,1,IN
712,2026-05-09 00:00:00,web,GOOGLE_SEARCH,1,IN
713,2026-06-21 00:00:00,android,,1,IN
714,2026-07-11 00:00:00,smart_tv,FB_JAN,1,IN
715,2026-01-09 00:00:00,android,REFERRAL,0,IN
716,2025-04-19 00:00:00,android,GOOGLE_SEARCH,0,IN
717,2025-11-09 00:00:00,android,REFERRAL,1,IN
718,2026-01-06 00:00:00,android,INSTA_REEL,0,IN
719,2025-12-31 00:00:00,web,FB_JAN,1,IN
720,2026-06-24 00:00:00,smart_tv,REFERRAL,1,IN
721,2025-05-28 00:00:00,android,REFERRAL,1,IN
722,2025-11-11 00:00:00,android,GOOGLE_SEARCH,1,IN
723,2025-12-12 00:00:00,web,INSTA_REEL,1,IN
724,2025-10-05 00:00:00,web,GOOGLE_SEARCH,1,IN
725,2026-05-26 00:00:00,ios,INSTA_REEL,0,IN
726,2025-07-12 00:00:00,android,GOOGLE_SEARCH,1,IN
727,2025-11-02 00:00:00,android,REFERRAL,0,IN
728,2025-08-16 00:00:00,ios,REFERRAL,1,IN
729,2025-12-14 00:00:00,android,FB_JAN,1,IN
730,2025-08-09 00:00:00,ios,REFERRAL,1,IN
731,2025-05-29 00:00:00,android,,0,IN
732,2025-05-17 00:00:00,web,REFERRAL,1,IN
733,2025-09-02 00:00:00,android,,1,IN
734,2026-01-25 00:00:00,ios,REFERRAL,0,IN
735,2026-01-06 00:00:00,ios,,0,IN
736,2026-06-09 00:00:00,ios,,0,IN
737,2025-07-22 00:00:00,android,REFERRAL,1,IN
738,2026-07-09 00:00:00,ios,,0,IN
739,2026-01-22 00:00:00,ios,FB_JAN,1,IN
740,2026-05-03 00:00:00,ios,INSTA_REEL,1,IN
741,2025-12-20 00:00:00,ios,,1,IN
742,2026-08-11 00:00:00,ios,,0,IN
743,2026-08-04 00:00:00,web,FB_JAN,1,IN
744,2026-06-08 00:00:00,android,FB_JAN,1,IN
745,2025-06-07 00:00:00,web,GOOGLE_SEARCH,1,IN
746,2025-04-26 00:00:00,ios,INSTA_REEL,1,IN
747,2026-06-02 00:00:00,android,GOOGLE_SEARCH,1,IN
748,2026-02-10 00:00:00,android,,1,IN
749,2025-11-28 00:00:00,android,FB_JAN,1,IN
750,2025-04-12 00:00:00,web,,1,IN
751,2025-06-18 00:00:00,web,REFERRAL,0,IN
752,2025-11-06 00:00:00,web,INSTA_REEL,0,IN
753,2025-04-07 00:00:00,ios,REFERRAL,0,IN
754,2025-12-17 00:00:00,android,FB_JAN,1,IN
755,2025-04-27 00:00:00,android,FB_JAN,1,IN
756,2025-09-12 00:00:00,android,FB_JAN,1,IN
757,2026-07-11 00:00:00,android,INSTA_REEL,1,IN
758,2026-08-30 00:00:00,android,GOOGLE_SEARCH,1,IN
759,2026-06-12 00:00:00,android,,1,IN
760,2025-12-26 00:00:00,ios,,1,IN
761,2025-09-18 00:00:00,web,,1,IN
762,2026-06-06 00:00:00,smart_tv,,0,IN
763,2026-08-02 00:00:00,smart_tv,,0,IN
764,2025-06-18 00:00:00,ios,GOOGLE_SEARCH,0,IN
765,2026-07-11 00:00:00,android,REFERRAL,1,IN
766,2026-03-08 00:00:00,ios,INSTA_REEL,1,IN
767,2026-05-09 00:00:00,web,REFERRAL,1,IN
768,2026-02-21 00:00:00,android,REFERRAL,0,IN
769,2026-02-08 00:00:00,android,,1,IN
770,2025-07-02 00:00:00,web,,1,IN
771,2025-08-28 00:00:00,android,GOOGLE_SEARCH,0,IN
772,2026-02-17 00:00:00,ios,INSTA_REEL,1,IN
773,2026-05-12 00:00:00,ios,FB_JAN,0,IN
774,2026-08-06 00:00:00,android,REFERRAL,1,IN
775,2026-01-06 00:00:00,android,FB_JAN,1,IN
776,2026-05-01 00:00:00,android,INSTA_REEL,0,IN
777,2025-04-23 00:00:00,android,REFERRAL,0,IN
778,2026-06-25 00:00:00,android,FB_JAN,1,IN
779,2025-06-15 00:00:00,web,FB_JAN,1,IN
780,2026-02-02 00:00:00,android,GOOGLE_SEARCH,1,IN
781,2025-11-30 00:00:00,ios,INSTA_REEL,1,IN
782,2026-02-11 00:00:00,android,INSTA_REEL,1,IN
783,2025-07-13 00:00:00,smart_tv,INSTA_REEL,1,IN
784,2026-05-04 00:00:00,android,REFERRAL,1,IN
785,2026-08-25 00:00:00,android,GOOGLE_SEARCH,1,IN
786,2025-03-18 00:00:00,web,,1,IN
787,2026-07-03 00:00:00,web,REFERRAL,1,IN
788,2026-05-14 00:00:00,android,INSTA_REEL,1,IN
789,2025-05-11 00:00:00,web,REFERRAL,1,IN
790,2025-09-25 00:00:00,ios,FB_JAN,0,IN
791,2026-08-29 00:00:00,ios,REFERRAL,1,IN
792,2026-03-22 00:00:00,android,REFERRAL,1,IN
793,2026-08-09 00:00:00,android,INSTA_REEL,0,IN
794,2026-06-12 00:00:00,web,FB_JAN,1,IN
795,2025-05-08 00:00:00,ios,INSTA_REEL,1,IN
796,2025-10-11 00:00:00,android,FB_JAN,0,IN
797,2025-12-15 00:00:00,web,FB_JAN,1,IN
798,2025-07-29 00:00:00,web,FB_JAN,0,IN
799,2026-01-05 00:00:00,android,INSTA_REEL,0,IN
800,2026-06-08 00:00:00,ios,FB_JAN,1,IN
801,2026-07-26 00:00:00,android,GOOGLE_SEARCH,1,IN
802,2025-07-19 00:00:00,web,GOOGLE_SEARCH,0,IN
803,2025-04-15 00:00:00,ios,,1,IN
804,2025-11-17 00:00:00,smart_tv,GOOGLE_SEARCH,1,IN
805,2025-08-26 00:00:00,android,,0,IN
806,2026-01-29 00:00:00,android,GOOGLE_SEARCH,0,IN
807,2025-03-31 00:00:00,android,INSTA_REEL,1,IN
808,2026-05-08 00:00:00,android,,0,IN
809,2025-06-20 00:00:00,android,REFERRAL,1,IN
810,2025-11-02 00:00:00,smart_tv,REFERRAL,1,IN
811,2025-07-11 00:00:00,android,GOOGLE_SEARCH,1,IN
812,2026-07-02 00:00:00,android,REFERRAL,0,IN
813,2025-07-15 00:00:00,web,GOOGLE_SEARCH,1,IN
814,2025-08-21 00:00:00,android,GOOGLE_SEARCH,1,IN
815,2026-08-09 00:00:00,web,REFERRAL,1,IN
816,2026-01-09 00:00:00,android,REFERRAL,0,IN
817,2026-08-20 00:00:00,ios,FB_JAN,0,IN
818,2025-12-21 00:00:00,android,,1,IN
819,2026-05-16 00:00:00,android,GOOGLE_SEARCH,1,IN
820,2026-07-24 00:00:00,smart_tv,REFERRAL,0,IN
821,2026-07-13 00:00:00,android,,1,IN
822,2025-11-21 00:00:00,ios,REFERRAL,0,IN
823,2026-06-27 00:00:00,android,REFERRAL,1,IN
824,2025-08-12 00:00:00,android,FB_JAN,1,IN
825,2026-04-13 00:00:00,web,GOOGLE_SEARCH,1,IN
826,2025-09-28 00:00:00,android,GOOGLE_SEARCH,1,IN
827,2026-08-19 00:00:00,ios,INSTA_REEL,1,IN
828,2025-08-03 00:00:00,smart_tv,FB_JAN,1,IN
829,2025-05-27 00:00:00,ios,,1,IN
830,2025-12-24 00:00:00,smart_tv,FB_JAN,1,IN
831,2026-05-15 00:00:00,android,,1,IN
832,2026-02-28 00:00:00,android,GOOGLE_SEARCH,0,IN
833,2026-08-18 00:00:00,android,INSTA_REEL,0,IN
834,2025-12-15 00:00:00,web,INSTA_REEL,1,IN
835,2025-03-19 00:00:00,smart_tv,GOOGLE_SEARCH,1,IN
836,2025-12-31 00:00:00,android,REFERRAL,1,IN
837,2026-01-16 00:00:00,ios,FB_JAN,0,IN
838,2026-07-31 00:00:00,android,INSTA_REEL,1,IN
839,2025-08-16 00:00:00,ios,REFERRAL,1,IN
840,2026-06-17 00:00:00,ios,,1,IN
841,2026-07-25 00:00:00,smart_tv,INSTA_REEL,1,IN
842,2026-03-05 00:00:00,ios,,1,IN
843,2026-02-20 00:00:00,android,REFERRAL,1,IN
844,2026-04-07 00:00:00,android,,1,IN
845,2026-06-26 00:00:00,android,REFERRAL,0,IN
846,2026-02-09 00:00:00,android,,1,IN
847,2025-09-26 00:00:00,android,FB_JAN,1,IN
848,2025-11-16 00:00:00,web,INSTA_REEL,1,IN
849,2026-04-13 00:00:00,ios,INSTA_REEL,0,IN
850,2025-11-11 00:00:00,ios,REFERRAL,1,IN
851,2026-05-11 00:00:00,android,,1,IN
852,2025-04-30 00:00:00,web,GOOGLE_SEARCH,0,IN
853,2026-02-05 00:00:00,web,INSTA_REEL,1,IN
854,2026-07-14 00:00:00,android,,1,IN
855,2026-04-11 00:00:00,web,,1,IN
856,2026-04-16 00:00:00,ios,FB_JAN,1,IN
857,2025-08-19 00:00:00,android,GOOGLE_SEARCH,0,IN
858,2026-08-06 00:00:00,ios,INSTA_REEL,1,IN
859,2025-04-23 00:00:00,ios,FB_JAN,0,IN
860,2025-07-24 00:00:00,android,GOOGLE_SEARCH,1,IN
861,2026-08-13 00:00:00,smart_tv,INSTA_REEL,1,IN
862,2026-02-19 00:00:00,web,FB_JAN,1,IN
863,2025-06-27 00:00:00,ios,GOOGLE_SEARCH,0,IN
864,2026-06-10 00:00:00,ios,INSTA_REEL,1,IN
865,2025-06-27 00:00:00,android,GOOGLE_SEARCH,1,IN
866,2026-09-06 00:00:00,ios,,1,IN
867,2026-06-27 00:00:00,ios,REFERRAL,1,IN
868,2025-04-01 00:00:00,android,REFERRAL,1,IN
869,2025-08-11 00:00:00,ios,,1,IN
870,2026-05-10 00:00:00,web,GOOGLE_SEARCH,1,IN
871,2025-08-22 00:00:00,ios,,0,IN
872,2025-06-01 00:00:00,android,REFERRAL,0,IN
873,2026-07-10 00:00:00,web,REFERRAL,1,IN
874,2025-12-13 00:00:00,android,GOOGLE_SEARCH,1,IN
875,2026-02-26 00:00:00,android,REFERRAL,1,IN
876,2026-04-28 00:00:00,android,,1,IN
877,2025-06-07 00:00:00,android,GOOGLE_SEARCH,0,IN
878,2026-02-16 00:00:00,web,,1,IN
879,2026-04-10 00:00:00,ios,GOOGLE_SEARCH,0,IN
880,2026-02-04 00:00:00,android,REFERRAL,0,IN
881,2026-07-29 00:00:00,web,INSTA_REEL,1,IN
882,2025-04-22 00:00:00,web,GOOGLE_SEARCH,0,IN
883,2025-05-26 00:00:00,web,GOOGLE_SEARCH,1,IN
884,2025-11-12 00:00:00,android,INSTA_REEL,0,IN
885,2026-01-05 00:00:00,ios,REFERRAL,1,IN
886,2025-11-04 00:00:00,smart_tv,,1,IN
887,2025-06-17 00:00:00,web,FB_JAN,0,IN
888,2026-06-04 00:00:00,android,INSTA_REEL,1,IN
889,2025-06-25 00:00:00,android,FB_JAN,1,IN
890,2025-06-27 00:00:00,ios,REFERRAL,1,IN
891,2026-06-14 00:00:00,smart_tv,GOOGLE_SEARCH,0,IN
892,2025-09-03 00:00:00,ios,GOOGLE_SEARCH,1,IN
893,2026-01-17 00:00:00,ios,REFERRAL,1,IN
894,2025-04-15 00:00:00,android,,1,IN
895,2025-05-03 00:00:00,ios,,1,IN
896,2026-02-12 00:00:00,web,REFERRAL,1,IN
897,2025-05-13 00:00:00,android,REFERRAL,1,IN
898,2026-01-11 00:00:00,web,REFERRAL,1,IN
899,2026-03-19 00:00:00,smart_tv,REFERRAL,1,IN
900,2026-04-04 00:00:00,android,REFERRAL,1,IN
901,2026-06-01 00:00:00,ios,REFERRAL,1,IN
902,2025-08-13 00:00:00,android,GOOGLE_SEARCH,1,IN
903,2025-11-22 00:00:00,web,FB_JAN,1,IN
904,2026-05-12 00:00:00,ios,,0,IN
905,2025-09-17 00:00:00,ios,FB_JAN,1,IN
906,2025-09-07 00:00:00,web,GOOGLE_SEARCH,1,IN
907,2025-09-12 00:00:00,android,INSTA_REEL,1,IN
908,2025-06-05 00:00:00,smart_tv,FB_JAN,1,IN
909,2026-04-12 00:00:00,ios,INSTA_REEL,1,IN
910,2025-11-18 00:00:00,android,GOOGLE_SEARCH,1,IN
911,2026-08-08 00:00:00,ios,,0,IN
912,2025-08-10 00:00:00,web,INSTA_REEL,1,IN
913,2025-11-09 00:00:00,android,GOOGLE_SEARCH,1,IN
914,2026-07-02 00:00:00,web,REFERRAL,1,IN
915,2025-12-02 00:00:00,smart_tv,,1,IN
916,2026-06-30 00:00:00,android,REFERRAL,1,IN
917,2025-12-03 00:00:00,smart_tv,,1,IN
918,2025-03-26 00:00:00,android,,0,IN
919,2026-07-06 00:00:00,android,FB_JAN,0,IN
920,2026-01-05 00:00:00,android,,0,IN
921,2025-08-25 00:00:00,web,FB_JAN,1,IN
922,2025-05-31 00:00:00,ios,INSTA_REEL,1,IN
923,2026-06-12 00:00:00,android,,1,IN
924,2026-03-05 00:00:00,android,INSTA_REEL,1,IN
925,2026-01-17 00:00:00,ios,,1,IN
926,2026-05-25 00:00:00,android,FB_JAN,1,IN
927,2025-11-28 00:00:00,web,REFERRAL,1,IN
928,2026-06-27 00:00:00,web,,1,IN
929,2026-01-20 00:00:00,ios,GOOGLE_SEARCH,1,IN
930,2025-10-06 00:00:00,smart_tv,REFERRAL,1,IN
931,2026-04-14 00:00:00,android,FB_JAN,0,IN
932,2026-07-24 00:00:00,smart_tv,GOOGLE_SEARCH,1,IN
933,2025-07-04 00:00:00,ios,INSTA_REEL,0,IN
934,2025-11-14 00:00:00,ios,FB_JAN,1,IN
935,2026-04-11 00:00:00,android,REFERRAL,1,IN
936,2026-03-19 00:00:00,web,INSTA_REEL,1,IN
937,2026-01-13 00:00:00,android,INSTA_REEL,0,IN
938,2026-01-13 00:00:00,android,FB_JAN,1,IN
939,2025-04-08 00:00:00,android,REFERRAL,0,IN
940,2026-04-26 00:00:00,ios,FB_JAN,1,IN
941,2025-12-23 00:00:00,ios,GOOGLE_SEARCH,0,IN
942,2025-03-25 00:00:00,web,GOOGLE_SEARCH,1,IN
943,2025-05-06 00:00:00,web,,1,IN
944,2026-08-07 00:00:00,android,INSTA_REEL,1,IN
945,2026-01-04 00:00:00,web,,0,IN
946,2025-11-07 00:00:00,android,REFERRAL,0,IN
947,2026-03-12 00:00:00,web,GOOGLE_SEARCH,1,IN
948,2025-10-27 00:00:00,web,,1,IN
949,2025-09-27 00:00:00,ios,GOOGLE_SEARCH,1,IN
950,2025-11-28 00:00:00,web,GOOGLE_SEARCH,0,IN
951,2025-08-04 00:00:00,android,GOOGLE_SEARCH,1,IN
952,2025-06-24 00:00:00,ios,FB_JAN,0,IN
953,2025-04-26 00:00:00,web,,0,IN
954,2026-01-27 00:00:00,ios,INSTA_REEL,1,IN
955,2026-06-11 00:00:00,android,,1,IN
956,2025-04-20 00:00:00,ios,INSTA_REEL,0,IN
957,2026-03-25 00:00:00,web,,0,IN
958,2025-07-29 00:00:00,android,,0,IN
959,2025-06-17 00:00:00,android,GOOGLE_SEARCH,1,IN
960,2026-01-13 00:00:00,web,INSTA_REEL,1,IN
961,2026-02-14 00:00:00,web,INSTA_REEL,0,IN
962,2026-05-16 00:00:00,android,INSTA_REEL,0,IN
963,2025-09-12 00:00:00,android,,1,IN
964,2025-10-08 00:00:00,android,INSTA_REEL,1,IN
965,2025-07-30 00:00:00,android,,1,IN
966,2026-03-26 00:00:00,ios,FB_JAN,0,IN
967,2026-08-12 00:00:00,web,GOOGLE_SEARCH,0,IN
968,2025-12-21 00:00:00,ios,REFERRAL,1,IN
969,2025-09-01 00:00:00,ios,FB_JAN,1,IN
970,2025-12-05 00:00:00,android,INSTA_REEL,0,IN
971,2026-07-23 00:00:00,web,GOOGLE_SEARCH,1,IN
972,2026-01-13 00:00:00,ios,GOOGLE_SEARCH,0,IN
973,2026-02-26 00:00:00,smart_tv,GOOGLE_SEARCH,1,IN
974,2025-07-12 00:00:00,ios,GOOGLE_SEARCH,1,IN
975,2026-07-09 00:00:00,android,INSTA_REEL,0,IN
976,2025-06-02 00:00:00,ios,GOOGLE_SEARCH,1,IN
977,2025-08-08 00:00:00,android,REFERRAL,1,IN
978,2025-11-03 00:00:00,ios,REFERRAL,1,IN
979,2026-04-27 00:00:00,android,GOOGLE_SEARCH,1,IN
980,2026-03-26 00:00:00,android,,0,IN
981,2025-06-17 00:00:00,web,INSTA_REEL,1,IN
982,2026-04-25 00:00:00,android,REFERRAL,0,IN
983,2025-03-31 00:00:00,web,REFERRAL,1,IN
984,2025-12-12 00:00:00,android,REFERRAL,1,IN
985,2025-07-21 00:00:00,ios,FB_JAN,1,IN
986,2026-06-25 00:00:00,ios,FB_JAN,0,IN
987,2026-03-29 00:00:00,ios,REFERRAL,1,IN
988,2025-12-10 00:00:00,android,,1,IN
989,2026-04-11 00:00:00,android,INSTA_REEL,1,IN
990,2026-04-01 00:00:00,android,INSTA_REEL,0,IN
991,2025-07-05 00:00:00,android,REFERRAL,0,IN
992,2025-11-11 00:00:00,ios,REFERRAL,1,IN
993,2026-07-12 00:00:00,smart_tv,INSTA_REEL,1,IN
994,2025-04-11 00:00:00,web,,0,IN
995,2026-02-15 00:00:00,web,FB_JAN,1,IN
996,2025-10-29 00:00:00,web,FB_JAN,1,IN
997,2025-05-20 00:00:00,ios,REFERRAL,1,IN
998,2026-07-05 00:00:00,android,INSTA_REEL,0,IN
999,2026-01-20 00:00:00,smart_tv,FB_JAN,0,IN
1000,2026-05-09 00:00:00,ios,,1,IN
1001,2025-07-14 00:00:00,ios,REFERRAL,0,IN
1002,2025-08-07 00:00:00,android,GOOGLE_SEARCH,1,IN
1003,2025-05-02 00:00:00,android,REFERRAL,1,IN
1004,2025-04-24 00:00:00,ios,GOOGLE_SEARCH,1,IN
1005,2026-01-22 00:00:00,web,REFERRAL,1,IN
1006,2026-08-03 00:00:00,ios,INSTA_REEL,1,IN
1007,2025-07-13 00:00:00,android,INSTA_REEL,0,IN
1008,2025-06-24 00:00:00,smart_tv,INSTA_REEL,1,IN
1009,2025-11-12 00:00:00,android,INSTA_REEL,1,IN
1010,2025-08-02 00:00:00,android,,1,IN
1011,2026-04-18 00:00:00,android,,0,IN
1012,2026-06-24 00:00:00,web,GOOGLE_SEARCH,0,IN
1013,2026-03-31 00:00:00,smart_tv,,0,IN
1014,2026-05-20 00:00:00,android,REFERRAL,1,IN
1015,2025-08-22 00:00:00,web,INSTA_REEL,1,IN
1016,2026-05-15 00:00:00,android,FB_JAN,1,IN
1017,2025-06-26 00:00:00,smart_tv,FB_JAN,0,IN
1018,2026-07-31 00:00:00,web,FB_JAN,0,IN
1019,2026-05-08 00:00:00,web,REFERRAL,1,IN
1020,2025-12-28 00:00:00,android,FB_JAN,1,IN
1021,2025-04-19 00:00:00,smart_tv,FB_JAN,0,IN
1022,2026-03-31 00:00:00,web,GOOGLE_SEARCH,1,IN
1023,2025-10-25 00:00:00,android,REFERRAL,0,IN
1024,2026-06-14 00:00:00,web,REFERRAL,1,IN
1025,2026-06-15 00:00:00,android,FB_JAN,1,IN
1026,2025-11-13 00:00:00,web,REFERRAL,0,IN
1027,2026-03-23 00:00:00,android,GOOGLE_SEARCH,0,IN
1028,2025-06-26 00:00:00,web,GOOGLE_SEARCH,1,IN
1029,2026-03-28 00:00:00,ios,INSTA_REEL,0,IN
1030,2026-03-19 00:00:00,android,GOOGLE_SEARCH,1,IN
1031,2025-05-18 00:00:00,android,INSTA_REEL,1,IN
1032,2026-04-28 00:00:00,android,FB_JAN,1,IN
1033,2025-12-24 00:00:00,ios,INSTA_REEL,1,IN
1034,2025-09-27 00:00:00,android,INSTA_REEL,1,IN
1035,2025-07-20 00:00:00,ios,FB_JAN,0,IN
1036,2026-06-25 00:00:00,android,INSTA_REEL,1,IN
1037,2025-06-18 00:00:00,android,GOOGLE_SEARCH,1,IN
1038,2025-10-20 00:00:00,web,FB_JAN,1,IN
1039,2025-04-07 00:00:00,android,REFERRAL,0,IN
1040,2025-05-07 00:00:00,smart_tv,INSTA_REEL,0,IN
1041,2026-02-21 00:00:00,web,GOOGLE_SEARCH,1,IN
1042,2025-11-21 00:00:00,ios,REFERRAL,0,IN
1043,2025-07-23 00:00:00,ios,FB_JAN,1,IN
1044,2025-10-13 00:00:00,web,FB_JAN,1,IN
1045,2025-05-26 00:00:00,android,FB_JAN,1,IN
1046,2025-10-15 00:00:00,android,GOOGLE_SEARCH,1,IN
1047,2025-10-24 00:00:00,android,REFERRAL,1,IN
1048,2025-11-10 00:00:00,web,FB_JAN,1,IN
1049,2026-02-16 00:00:00,android,GOOGLE_SEARCH,0,IN
1050,2025-08-15 00:00:00,ios,,1,IN
1051,2025-03-19 00:00:00,smart_tv,GOOGLE_SEARCH,1,IN
1052,2025-12-25 00:00:00,web,,1,IN
1053,2025-08-12 00:00:00,ios,REFERRAL,1,IN
1054,2025-07-28 00:00:00,android,FB_JAN,1,IN
1055,2025-11-28 00:00:00,web,FB_JAN,1,IN
1056,2025-09-11 00:00:00,ios,INSTA_REEL,1,IN
1057,2025-07-07 00:00:00,android,FB_JAN,0,IN
1058,2025-04-12 00:00:00,android,REFERRAL,1,IN
1059,2025-07-29 00:00:00,smart_tv,GOOGLE_SEARCH,1,IN
1060,2025-04-01 00:00:00,ios,REFERRAL,1,IN
1061,2026-03-18 00:00:00,web,FB_JAN,1,IN
1062,2025-11-15 00:00:00,web,GOOGLE_SEARCH,1,IN
1063,2026-02-11 00:00:00,ios,REFERRAL,0,IN
1064,2025-04-02 00:00:00,ios,FB_JAN,1,IN
1065,2025-09-11 00:00:00,android,FB_JAN,0,IN
1066,2025-12-13 00:00:00,android,FB_JAN,1,IN
1067,2025-05-09 00:00:00,android,INSTA_REEL,1,IN
1068,2025-07-24 00:00:00,web,INSTA_REEL,0,IN
1069,2026-05-22 00:00:00,ios,INSTA_REEL,0,IN
1070,2026-09-06 00:00:00,web,GOOGLE_SEARCH,1,IN
1071,2025-07-11 00:00:00,android,REFERRAL,0,IN
1072,2025-05-21 00:00:00,ios,GOOGLE_SEARCH,1,IN
1073,2026-07-17 00:00:00,ios,GOOGLE_SEARCH,0,IN
1074,2026-06-19 00:00:00,ios,FB_JAN,0,IN
1075,2026-03-22 00:00:00,web,,1,IN
1076,2026-08-24 00:00:00,android,,1,IN
1077,2025-07-06 00:00:00,ios,FB_JAN,1,IN
1078,2026-06-22 00:00:00,android,,1,IN
1079,2026-08-14 00:00:00,android,GOOGLE_SEARCH,1,IN
1080,2025-10-29 00:00:00,ios,REFERRAL,1,IN
1081,2025-04-30 00:00:00,ios,INSTA_REEL,1,IN
1082,2026-09-01 00:00:00,smart_tv,GOOGLE_SEARCH,1,IN
1083,2026-01-19 00:00:00,ios,GOOGLE_SEARCH,1,IN
1084,2026-06-29 00:00:00,web,REFERRAL,1,IN
1085,2025-04-17 00:00:00,ios,,0,IN
1086,2025-05-18 00:00:00,ios,REFERRAL,1,IN
1087,2026-07-20 00:00:00,android,GOOGLE_SEARCH,0,IN
1088,2026-05-02 00:00:00,android,FB_JAN,1,IN
1089,2026-05-27 00:00:00,android,FB_JAN,0,IN
1090,2025-07-05 00:00:00,ios,GOOGLE_SEARCH,1,IN
1091,2026-08-01 00:00:00,android,FB_JAN,1,IN
1092,2026-06-14 00:00:00,android,,0,IN
1093,2025-05-31 00:00:00,android,REFERRAL,0,IN
1094,2025-06-07 00:00:00,smart_tv,INSTA_REEL,0,IN
1095,2026-02-09 00:00:00,android,REFERRAL,1,IN
1096,2025-08-15 00:00:00,ios,INSTA_REEL,1,IN
1097,2025-05-23 00:00:00,android,GOOGLE_SEARCH,0,IN
1098,2025-07-24 00:00:00,ios,GOOGLE_SEARCH,1,IN
1099,2025-12-23 00:00:00,android,INSTA_REEL,1,IN
1100,2026-02-12 00:00:00,android,FB_JAN,1,IN
1101,2026-04-11 00:00:00,ios,GOOGLE_SEARCH,1,IN
1102,2026-01-12 00:00:00,android,,1,IN
1103,2026-06-24 00:00:00,android,,1,IN
1104,2026-08-16 00:00:00,android,,0,IN
1105,2026-05-31 00:00:00,android,,0,IN
1106,2025-06-26 00:00:00,android,INSTA_REEL,0,IN
1107,2025-07-12 00:00:00,android,FB_JAN,0,IN
1108,2025-10-23 00:00:00,web,INSTA_REEL,1,IN
1109,2026-05-31 00:00:00,ios,GOOGLE_SEARCH,1,IN
1110,2026-06-22 00:00:00,ios,,1,IN
1111,2025-11-05 00:00:00,android,,0,IN
1112,2026-05-14 00:00:00,smart_tv,,0,IN
1113,2026-02-27 00:00:00,android,GOOGLE_SEARCH,1,IN
1114,2026-06-24 00:00:00,android,REFERRAL,1,IN
1115,2026-04-29 00:00:00,ios,INSTA_REEL,0,IN
1116,2026-05-16 00:00:00,android,FB_JAN,1,IN
1117,2025-06-22 00:00:00,android,GOOGLE_SEARCH,1,IN
1118,2026-01-31 00:00:00,ios,REFERRAL,1,IN
1119,2026-05-28 00:00:00,web,REFERRAL,1,IN
1120,2026-01-31 00:00:00,ios,FB_JAN,0,IN
1121,2025-12-03 00:00:00,web,GOOGLE_SEARCH,0,IN
1122,2026-04-04 00:00:00,smart_tv,REFERRAL,1,IN
1123,2025-08-20 00:00:00,android,,1,IN
1124,2026-07-15 00:00:00,android,FB_JAN,1,IN
1125,2025-05-24 00:00:00,android,,1,IN
1126,2025-06-18 00:00:00,android,FB_JAN,0,IN
1127,2025-06-12 00:00:00,android,INSTA_REEL,1,IN
1128,2025-06-20 00:00:00,smart_tv,INSTA_REEL,0,IN
1129,2026-06-02 00:00:00,web,GOOGLE_SEARCH,1,IN
1130,2025-06-23 00:00:00,ios,REFERRAL,1,IN
1131,2026-04-02 00:00:00,android,,1,IN
1132,2025-07-28 00:00:00,web,REFERRAL,1,IN
1133,2025-05-17 00:00:00,smart_tv,INSTA_REEL,1,IN
1134,2026-02-17 00:00:00,web,,1,IN
1135,2025-07-20 00:00:00,android,GOOGLE_SEARCH,1,IN
1136,2026-05-11 00:00:00,ios,REFERRAL,0,IN
1137,2026-03-14 00:00:00,android,FB_JAN,0,IN
1138,2026-05-24 00:00:00,android,FB_JAN,0,IN
1139,2025-05-08 00:00:00,android,,0,IN
1140,2026-01-05 00:00:00,ios,FB_JAN,1,IN
1141,2026-01-30 00:00:00,ios,FB_JAN,1,IN
1142,2026-03-12 00:00:00,android,INSTA_REEL,1,IN
1143,2025-07-01 00:00:00,android,GOOGLE_SEARCH,0,IN
1144,2026-08-18 00:00:00,ios,FB_JAN,1,IN
1145,2025-10-20 00:00:00,android,FB_JAN,1,IN
1146,2025-08-22 00:00:00,android,REFERRAL,1,IN
1147,2026-07-23 00:00:00,android,,1,IN
1148,2025-11-01 00:00:00,web,INSTA_REEL,1,IN
1149,2025-07-05 00:00:00,android,,0,IN
1150,2026-03-10 00:00:00,android,REFERRAL,0,IN
1151,2026-03-28 00:00:00,android,REFERRAL,1,IN
1152,2025-07-12 00:00:00,smart_tv,REFERRAL,1,IN
1153,2025-12-27 00:00:00,ios,FB_JAN,1,IN
1154,2025-11-03 00:00:00,ios,,0,IN
1155,2026-05-30 00:00:00,android,,1,IN
1156,2025-04-12 00:00:00,ios,,1,IN
1157,2025-12-15 00:00:00,android,GOOGLE_SEARCH,1,IN
1158,2025-04-15 00:00:00,ios,INSTA_REEL,0,IN
1159,2025-09-17 00:00:00,smart_tv,FB_JAN,0,IN
1160,2025-12-21 00:00:00,ios,INSTA_REEL,1,IN
1161,2026-01-27 00:00:00,web,FB_JAN,1,IN
1162,2026-02-27 00:00:00,web,,0,IN
1163,2026-03-11 00:00:00,android,GOOGLE_SEARCH,0,IN
1164,2025-03-23 00:00:00,smart_tv,GOOGLE_SEARCH,1,IN
1165,2025-09-18 00:00:00,android,,1,IN
1166,2025-08-10 00:00:00,ios,INSTA_REEL,1,IN
1167,2026-05-01 00:00:00,android,REFERRAL,1,IN
1168,2025-05-27 00:00:00,android,,1,IN
1169,2025-08-09 00:00:00,android,FB_JAN,0,IN
1170,2025-04-17 00:00:00,android,INSTA_REEL,1,IN
1171,2025-06-18 00:00:00,ios,REFERRAL,1,IN
1172,2025-10-23 00:00:00,ios,GOOGLE_SEARCH,1,IN
1173,2026-04-06 00:00:00,android,FB_JAN,1,IN
1174,2026-05-20 00:00:00,android,GOOGLE_SEARCH,0,IN
1175,2026-06-24 00:00:00,ios,FB_JAN,0,IN
1176,2026-03-01 00:00:00,android,REFERRAL,1,IN
1177,2025-08-25 00:00:00,web,FB_JAN,0,IN
1178,2026-03-30 00:00:00,ios,REFERRAL,0,IN
1179,2026-01-30 00:00:00,web,,1,IN
1180,2026-02-12 00:00:00,ios,,1,IN
1181,2025-06-11 00:00:00,android,FB_JAN,1,IN
1182,2025-05-09 00:00:00,ios,INSTA_REEL,1,IN
1183,2025-08-23 00:00:00,android,GOOGLE_SEARCH,1,IN
1184,2025-08-25 00:00:00,android,FB_JAN,1,IN
1185,2025-05-06 00:00:00,web,FB_JAN,1,IN
1186,2025-06-08 00:00:00,android,GOOGLE_SEARCH,1,IN
1187,2025-12-20 00:00:00,web,FB_JAN,1,IN
1188,2026-06-13 00:00:00,web,GOOGLE_SEARCH,1,IN
1189,2026-05-25 00:00:00,web,REFERRAL,1,IN
1190,2026-07-27 00:00:00,smart_tv,INSTA_REEL,1,IN
1191,2026-06-12 00:00:00,android,,1,IN
1192,2026-05-15 00:00:00,android,,0,IN
1193,2025-12-21 00:00:00,ios,INSTA_REEL,1,IN
1194,2025-10-23 00:00:00,android,GOOGLE_SEARCH,0,IN
1195,2026-08-23 00:00:00,ios,INSTA_REEL,1,IN
1196,2025-07-11 00:00:00,web,GOOGLE_SEARCH,1,IN
1197,2026-03-05 00:00:00,ios,INSTA_REEL,1,IN
1198,2026-05-31 00:00:00,android,FB_JAN,1,IN
1199,2025-07-08 00:00:00,android,FB_JAN,1,IN
1200,2026-01-01 00:00:00,android,INSTA_REEL,1,IN
1201,2026-07-28 00:00:00,android,REFERRAL,1,IN
1202,2026-09-07 00:00:00,web,INSTA_REEL,1,IN
1203,2026-01-26 00:00:00,android,,0,IN
1204,2025-05-02 00:00:00,android,FB_JAN,0,IN
1205,2025-10-28 00:00:00,android,INSTA_REEL,0,IN
1206,2026-04-25 00:00:00,ios,,1,IN
1207,2025-05-12 00:00:00,ios,FB_JAN,1,IN
1208,2025-03-24 00:00:00,android,REFERRAL,1,IN
1209,2025-10-12 00:00:00,android,REFERRAL,0,IN
1210,2026-01-19 00:00:00,android,,0,IN
1211,2025-10-19 00:00:00,android,INSTA_REEL,1,IN
1212,2025-08-04 00:00:00,ios,FB_JAN,0,IN
1213,2025-12-03 00:00:00,ios,REFERRAL,1,IN
1214,2026-01-07 00:00:00,android,,1,IN
1215,2026-02-15 00:00:00,android,GOOGLE_SEARCH,1,IN
1216,2025-07-17 00:00:00,smart_tv,INSTA_REEL,0,IN
1217,2025-03-24 00:00:00,ios,GOOGLE_SEARCH,0,IN
1218,2026-08-08 00:00:00,ios,INSTA_REEL,0,IN
1219,2026-05-31 00:00:00,android,FB_JAN,1,IN
1220,2025-09-12 00:00:00,ios,,1,IN
1221,2025-07-27 00:00:00,android,FB_JAN,0,IN
1222,2026-04-10 00:00:00,ios,GOOGLE_SEARCH,1,IN
1223,2025-11-07 00:00:00,smart_tv,,1,IN
1224,2026-08-11 00:00:00,android,FB_JAN,0,IN
1225,2026-03-14 00:00:00,android,FB_JAN,1,IN
1226,2025-05-29 00:00:00,android,FB_JAN,1,IN
1227,2026-04-27 00:00:00,android,GOOGLE_SEARCH,0,IN
1228,2025-04-29 00:00:00,android,FB_JAN,1,IN
1229,2026-06-06 00:00:00,android,REFERRAL,1,IN
1230,2025-04-05 00:00:00,web,INSTA_REEL,1,IN
1231,2026-06-30 00:00:00,ios,REFERRAL,1,IN
1232,2025-06-04 00:00:00,android,GOOGLE_SEARCH,1,IN
1233,2026-01-31 00:00:00,smart_tv,GOOGLE_SEARCH,1,IN
1234,2026-05-30 00:00:00,android,FB_JAN,1,IN
1235,2026-05-05 00:00:00,smart_tv,,1,IN
1236,2026-05-18 00:00:00,android,REFERRAL,1,IN
1237,2026-01-07 00:00:00,web,GOOGLE_SEARCH,0,IN
1238,2025-07-12 00:00:00,ios,INSTA_REEL,1,IN
1239,2026-05-05 00:00:00,web,GOOGLE_SEARCH,1,IN
1240,2025-04-07 00:00:00,smart_tv,REFERRAL,1,IN
1241,2026-02-12 00:00:00,android,INSTA_REEL,1,IN
1242,2025-09-08 00:00:00,smart_tv,INSTA_REEL,0,IN
1243,2026-07-01 00:00:00,android,FB_JAN,1,IN
1244,2026-03-22 00:00:00,android,,0,IN
1245,2025-06-15 00:00:00,android,INSTA_REEL,1,IN
1246,2026-06-07 00:00:00,ios,FB_JAN,1,IN
1247,2025-07-03 00:00:00,android,,1,IN
1248,2025-11-21 00:00:00,ios,FB_JAN,1,IN
1249,2026-06-06 00:00:00,ios,GOOGLE_SEARCH,1,IN
1250,2026-05-01 00:00:00,web,GOOGLE_SEARCH,1,IN
1251,2026-09-04 00:00:00,web,,1,IN
1252,2025-06-05 00:00:00,android,FB_JAN,1,IN
1253,2026-04-26 00:00:00,android,REFERRAL,1,IN
1254,2026-01-28 00:00:00,android,FB_JAN,0,IN
1255,2026-02-27 00:00:00,android,REFERRAL,0,IN
1256,2025-10-29 00:00:00,android,INSTA_REEL,1,IN
1257,2026-02-21 00:00:00,android,INSTA_REEL,1,IN
1258,2025-09-05 00:00:00,android,INSTA_REEL,1,IN
1259,2025-06-03 00:00:00,smart_tv,FB_JAN,0,IN
1260,2026-08-21 00:00:00,ios,,1,IN
1261,2025-07-11 00:00:00,android,REFERRAL,1,IN
1262,2026-08-21 00:00:00,ios,FB_JAN,0,IN
1263,2025-10-01 00:00:00,android,INSTA_REEL,1,IN
1264,2026-03-09 00:00:00,android,GOOGLE_SEARCH,1,IN
1265,2026-03-11 00:00:00,ios,INSTA_REEL,1,IN
1266,2025-08-15 00:00:00,ios,,1,IN
1267,2025-11-13 00:00:00,android,INSTA_REEL,1,IN
1268,2025-06-30 00:00:00,smart_tv,,0,IN
1269,2025-08-13 00:00:00,web,GOOGLE_SEARCH,1,IN
1270,2025-12-04 00:00:00,ios,REFERRAL,1,IN
1271,2025-10-05 00:00:00,ios,INSTA_REEL,1,IN
1272,2025-09-10 00:00:00,ios,,1,IN
1273,2025-08-20 00:00:00,android,REFERRAL,1,IN
1274,2025-06-02 00:00:00,android,GOOGLE_SEARCH,1,IN
1275,2025-09-14 00:00:00,android,,0,IN
1276,2026-08-04 00:00:00,ios,GOOGLE_SEARCH,1,IN
1277,2026-07-05 00:00:00,ios,GOOGLE_SEARCH,1,IN
1278,2026-06-19 00:00:00,android,FB_JAN,1,IN
1279,2026-02-10 00:00:00,smart_tv,REFERRAL,1,IN
1280,2026-02-03 00:00:00,smart_tv,FB_JAN,0,IN
1281,2025-08-18 00:00:00,web,GOOGLE_SEARCH,1,IN
1282,2026-06-10 00:00:00,ios,,1,IN
1283,2025-05-25 00:00:00,web,INSTA_REEL,1,IN
1284,2026-07-10 00:00:00,android,FB_JAN,1,IN
1285,2026-06-12 00:00:00,web,INSTA_REEL,1,IN
1286,2026-01-21 00:00:00,android,FB_JAN,0,IN
1287,2025-12-23 00:00:00,web,REFERRAL,1,IN
1288,2025-05-13 00:00:00,android,INSTA_REEL,0,IN
1289,2026-03-12 00:00:00,web,FB_JAN,1,IN
1290,2026-08-18 00:00:00,smart_tv,GOOGLE_SEARCH,0,IN
1291,2025-05-31 00:00:00,android,,0,IN
1292,2026-01-28 00:00:00,ios,GOOGLE_SEARCH,1,IN
1293,2026-07-02 00:00:00,smart_tv,REFERRAL,1,IN
1294,2026-06-22 00:00:00,ios,REFERRAL,1,IN
1295,2025-04-24 00:00:00,web,FB_JAN,1,IN
1296,2025-05-14 00:00:00,ios,GOOGLE_SEARCH,1,IN
1297,2026-03-29 00:00:00,android,INSTA_REEL,1,IN
1298,2026-01-04 00:00:00,android,FB_JAN,1,IN
1299,2025-06-03 00:00:00,android,FB_JAN,0,IN
1300,2025-06-17 00:00:00,web,GOOGLE_SEARCH,1,IN
1301,2026-08-18 00:00:00,android,,1,IN
1302,2026-04-14 00:00:00,ios,REFERRAL,1,IN
1303,2026-07-03 00:00:00,ios,INSTA_REEL,0,IN
1304,2025-04-28 00:00:00,ios,REFERRAL,0,IN
1305,2026-06-20 00:00:00,web,FB_JAN,0,IN
1306,2025-09-25 00:00:00,smart_tv,,1,IN
1307,2026-02-09 00:00:00,android,FB_JAN,1,IN
1308,2026-07-17 00:00:00,web,,0,IN
1309,2026-08-12 00:00:00,web,GOOGLE_SEARCH,1,IN
1310,2025-08-18 00:00:00,ios,REFERRAL,1,IN
1311,2025-05-19 00:00:00,smart_tv,FB_JAN,1,IN
1312,2026-06-21 00:00:00,android,,1,IN
1313,2025-06-30 00:00:00,android,,0,IN
1314,2026-03-03 00:00:00,web,FB_JAN,1,IN
1315,2025-06-11 00:00:00,android,REFERRAL,1,IN
1316,2026-08-15 00:00:00,web,GOOGLE_SEARCH,1,IN
1317,2025-09-09 00:00:00,web,GOOGLE_SEARCH,1,IN
1318,2025-04-26 00:00:00,android,INSTA_REEL,0,IN
1319,2025-11-25 00:00:00,web,INSTA_REEL,1,IN
1320,2026-06-08 00:00:00,android,INSTA_REEL,0,IN
1321,2026-06-09 00:00:00,ios,REFERRAL,1,IN
1322,2026-09-04 00:00:00,ios,INSTA_REEL,1,IN
1323,2026-09-03 00:00:00,smart_tv,INSTA_REEL,0,IN
1324,2025-08-26 00:00:00,android,REFERRAL,1,IN
1325,2026-03-24 00:00:00,ios,INSTA_REEL,0,IN
1326,2026-04-02 00:00:00,ios,GOOGLE_SEARCH,1,IN
1327,2025-12-31 00:00:00,web,FB_JAN,1,IN
1328,2026-04-17 00:00:00,ios,GOOGLE_SEARCH,1,IN
1329,2026-05-09 00:00:00,android,GOOGLE_SEARCH,1,IN
1330,2026-02-26 00:00:00,android,,1,IN
1331,2025-05-09 00:00:00,android,FB_JAN,1,IN
1332,2026-02-22 00:00:00,web,GOOGLE_SEARCH,1,IN
1333,2025-05-23 00:00:00,android,FB_JAN,1,IN
1334,2026-02-17 00:00:00,android,GOOGLE_SEARCH,0,IN
1335,2025-06-21 00:00:00,smart_tv,REFERRAL,1,IN
1336,2026-04-16 00:00:00,android,REFERRAL,0,IN
1337,2026-01-01 00:00:00,smart_tv,INSTA_REEL,1,IN
1338,2025-11-30 00:00:00,ios,REFERRAL,0,IN
1339,2025-08-17 00:00:00,web,FB_JAN,0,IN
1340,2026-02-21 00:00:00,android,,1,IN
1341,2025-06-08 00:00:00,android,INSTA_REEL,1,IN
1342,2025-08-08 00:00:00,web,GOOGLE_SEARCH,1,IN
1343,2026-03-10 00:00:00,web,REFERRAL,0,IN
1344,2026-01-28 00:00:00,web,INSTA_REEL,1,IN
1345,2026-04-22 00:00:00,android,REFERRAL,1,IN
1346,2025-07-27 00:00:00,web,INSTA_REEL,1,IN
1347,2025-06-11 00:00:00,web,FB_JAN,0,IN
1348,2026-01-28 00:00:00,ios,FB_JAN,1,IN
1349,2026-04-06 00:00:00,web,GOOGLE_SEARCH,0,IN
1350,2026-02-16 00:00:00,web,INSTA_REEL,1,IN
1351,2025-07-25 00:00:00,ios,,1,IN
1352,2026-09-07 00:00:00,android,FB_JAN,1,IN
1353,2025-06-20 00:00:00,ios,GOOGLE_SEARCH,1,IN
1354,2026-05-24 00:00:00,android,INSTA_REEL,1,IN
1355,2026-08-19 00:00:00,android,GOOGLE_SEARCH,1,IN
1356,2026-03-22 00:00:00,android,FB_JAN,1,IN
1357,2025-04-04 00:00:00,android,GOOGLE_SEARCH,1,IN
1358,2026-03-23 00:00:00,android,INSTA_REEL,1,IN
1359,2026-01-27 00:00:00,android,REFERRAL,1,IN
1360,2025-09-17 00:00:00,web,,1,IN
1361,2025-10-22 00:00:00,smart_tv,FB_JAN,1,IN
1362,2026-03-01 00:00:00,android,INSTA_REEL,1,IN
1363,2026-07-27 00:00:00,smart_tv,INSTA_REEL,1,IN
1364,2025-09-29 00:00:00,ios,GOOGLE_SEARCH,0,IN
1365,2025-11-03 00:00:00,android,FB_JAN,1,IN
1366,2025-08-04 00:00:00,android,REFERRAL,1,IN
1367,2025-08-22 00:00:00,ios,REFERRAL,0,IN
1368,2025-06-04 00:00:00,web,,0,IN
1369,2026-01-13 00:00:00,web,,1,IN
1370,2025-06-28 00:00:00,android,GOOGLE_SEARCH,1,IN
1371,2026-08-18 00:00:00,android,FB_JAN,1,IN
1372,2026-09-07 00:00:00,android,REFERRAL,0,IN
1373,2025-04-24 00:00:00,android,FB_JAN,1,IN
1374,2026-02-24 00:00:00,android,GOOGLE_SEARCH,0,IN
1375,2025-07-29 00:00:00,android,FB_JAN,1,IN
1376,2026-04-06 00:00:00,web,FB_JAN,0,IN
1377,2025-08-21 00:00:00,smart_tv,FB_JAN,0,IN
1378,2025-08-30 00:00:00,android,GOOGLE_SEARCH,0,IN
1379,2025-09-18 00:00:00,smart_tv,GOOGLE_SEARCH,1,IN
1380,2025-09-02 00:00:00,android,GOOGLE_SEARCH,0,IN
1381,2026-06-08 00:00:00,ios,REFERRAL,1,IN
1382,2025-04-30 00:00:00,android,INSTA_REEL,1,IN
1383,2026-05-11 00:00:00,ios,FB_JAN,1,IN
1384,2026-03-25 00:00:00,smart_tv,,1,IN
1385,2025-11-15 00:00:00,ios,,1,IN
1386,2026-06-14 00:00:00,android,INSTA_REEL,0,IN
1387,2026-01-02 00:00:00,ios,FB_JAN,1,IN
1388,2026-06-19 00:00:00,android,FB_JAN,0,IN
1389,2025-11-11 00:00:00,web,FB_JAN,0,IN
1390,2025-11-16 00:00:00,ios,GOOGLE_SEARCH,1,IN
1391,2026-01-27 00:00:00,android,REFERRAL,1,IN
1392,2026-07-10 00:00:00,ios,GOOGLE_SEARCH,1,IN
1393,2025-10-01 00:00:00,ios,FB_JAN,1,IN
1394,2026-03-28 00:00:00,android,INSTA_REEL,1,IN
1395,2026-06-11 00:00:00,ios,FB_JAN,0,IN
1396,2026-07-02 00:00:00,android,FB_JAN,0,IN
1397,2025-12-30 00:00:00,web,REFERRAL,0,IN
1398,2026-04-12 00:00:00,web,FB_JAN,0,IN
1399,2026-08-13 00:00:00,web,GOOGLE_SEARCH,1,IN
1400,2026-05-19 00:00:00,ios,,1,IN
1401,2025-08-29 00:00:00,ios,REFERRAL,0,IN
1402,2025-10-07 00:00:00,android,REFERRAL,1,IN
1403,2025-08-05 00:00:00,web,REFERRAL,1,IN
1404,2025-11-28 00:00:00,android,FB_JAN,0,IN
1405,2025-05-09 00:00:00,ios,REFERRAL,0,IN
1406,2026-07-22 00:00:00,android,REFERRAL,0,IN
1407,2026-04-01 00:00:00,android,GOOGLE_SEARCH,0,IN
1408,2025-06-30 00:00:00,ios,INSTA_REEL,0,IN
1409,2026-08-27 00:00:00,android,GOOGLE_SEARCH,1,IN
1410,2025-07-22 00:00:00,web,GOOGLE_SEARCH,0,IN
1411,2026-01-02 00:00:00,android,INSTA_REEL,1,IN
1412,2025-06-10 00:00:00,android,INSTA_REEL,1,IN
1413,2025-08-28 00:00:00,ios,REFERRAL,1,IN
1414,2025-12-21 00:00:00,android,GOOGLE_SEARCH,1,IN
1415,2026-06-20 00:00:00,android,FB_JAN,0,IN
1416,2026-08-24 00:00:00,web,,1,IN
1417,2025-08-14 00:00:00,android,,1,IN
1418,2026-06-07 00:00:00,web,,0,IN
1419,2025-06-18 00:00:00,android,GOOGLE_SEARCH,0,IN
1420,2025-10-30 00:00:00,android,INSTA_REEL,1,IN
1421,2026-06-21 00:00:00,web,REFERRAL,1,IN
1422,2026-03-09 00:00:00,android,REFERRAL,1,IN
1423,2025-04-13 00:00:00,android,,1,IN
1424,2026-05-15 00:00:00,android,REFERRAL,1,IN
1425,2025-05-10 00:00:00,android,FB_JAN,0,IN
1426,2026-04-26 00:00:00,web,FB_JAN,1,IN
1427,2026-08-13 00:00:00,android,INSTA_REEL,0,IN
1428,2026-04-03 00:00:00,web,REFERRAL,0,IN
1429,2025-11-13 00:00:00,web,GOOGLE_SEARCH,1,IN
1430,2026-04-16 00:00:00,android,REFERRAL,1,IN
1431,2025-06-08 00:00:00,smart_tv,GOOGLE_SEARCH,1,IN
1432,2026-04-04 00:00:00,android,,1,IN
1433,2025-11-01 00:00:00,smart_tv,GOOGLE_SEARCH,1,IN
1434,2025-04-14 00:00:00,android,,0,IN
1435,2026-02-06 00:00:00,ios,FB_JAN,0,IN
1436,2025-06-26 00:00:00,ios,REFERRAL,0,IN
1437,2026-02-23 00:00:00,android,INSTA_REEL,1,IN
1438,2025-08-13 00:00:00,ios,REFERRAL,1,IN
1439,2025-08-04 00:00:00,web,,1,IN
1440,2025-04-25 00:00:00,android,REFERRAL,1,IN
1441,2026-01-04 00:00:00,android,INSTA_REEL,1,IN
1442,2026-07-13 00:00:00,web,,0,IN
1443,2025-08-06 00:00:00,ios,,0,IN
1444,2026-07-10 00:00:00,smart_tv,INSTA_REEL,1,IN
1445,2026-06-19 00:00:00,web,REFERRAL,1,IN
1446,2025-03-22 00:00:00,smart_tv,INSTA_REEL,1,IN
1447,2025-06-06 00:00:00,web,GOOGLE_SEARCH,0,IN
1448,2025-04-05 00:00:00,android,FB_JAN,1,IN
1449,2025-12-04 00:00:00,android,INSTA_REEL,1,IN
1450,2025-10-23 00:00:00,web,,0,IN
1451,2025-08-17 00:00:00,ios,GOOGLE_SEARCH,1,IN
1452,2026-05-24 00:00:00,android,FB_JAN,1,IN
1453,2025-07-08 00:00:00,android,INSTA_REEL,1,IN
1454,2026-01-06 00:00:00,smart_tv,FB_JAN,0,IN
1455,2025-11-15 00:00:00,ios,REFERRAL,1,IN
1456,2026-01-19 00:00:00,android,,1,IN
1457,2025-07-19 00:00:00,ios,INSTA_REEL,1,IN
1458,2025-05-04 00:00:00,android,,1,IN
1459,2025-11-16 00:00:00,android,GOOGLE_SEARCH,1,IN
1460,2026-05-20 00:00:00,android,GOOGLE_SEARCH,1,IN
1461,2026-06-28 00:00:00,android,FB_JAN,1,IN
1462,2025-05-20 00:00:00,web,GOOGLE_SEARCH,1,IN
1463,2025-07-08 00:00:00,android,GOOGLE_SEARCH,0,IN
1464,2026-08-10 00:00:00,web,INSTA_REEL,1,IN
1465,2025-04-02 00:00:00,web,,0,IN
1466,2026-08-26 00:00:00,android,FB_JAN,1,IN
1467,2025-11-19 00:00:00,ios,GOOGLE_SEARCH,1,IN
1468,2025-08-11 00:00:00,ios,,1,IN
1469,2026-01-09 00:00:00,web,REFERRAL,1,IN
1470,2026-05-30 00:00:00,android,INSTA_REEL,1,IN
1471,2025-03-18 00:00:00,ios,GOOGLE_SEARCH,0,IN
1472,2026-03-13 00:00:00,ios,GOOGLE_SEARCH,1,IN
1473,2025-11-18 00:00:00,android,GOOGLE_SEARCH,1,IN
1474,2026-05-17 00:00:00,android,,0,IN
1475,2025-09-24 00:00:00,ios,INSTA_REEL,0,IN
1476,2025-06-12 00:00:00,web,INSTA_REEL,1,IN
1477,2026-09-04 00:00:00,android,,1,IN
1478,2026-03-21 00:00:00,ios,FB_JAN,1,IN
1479,2025-05-25 00:00:00,android,INSTA_REEL,1,IN
1480,2026-09-06 00:00:00,web,,0,IN
1481,2026-08-18 00:00:00,android,,1,IN
1482,2026-08-18 00:00:00,web,GOOGLE_SEARCH,1,IN
1483,2025-04-06 00:00:00,android,,1,IN
1484,2026-04-20 00:00:00,android,GOOGLE_SEARCH,1,IN
1485,2026-07-11 00:00:00,android,REFERRAL,1,IN
1486,2025-04-30 00:00:00,android,,1,IN
1487,2026-04-17 00:00:00,ios,INSTA_REEL,1,IN
1488,2026-04-03 00:00:00,android,GOOGLE_SEARCH,0,IN
1489,2025-12-01 00:00:00,web,REFERRAL,1,IN
1490,2025-04-02 00:00:00,android,FB_JAN,1,IN
1491,2026-03-17 00:00:00,android,FB_JAN,1,IN
1492,2025-05-25 00:00:00,android,FB_JAN,0,IN
1493,2026-03-05 00:00:00,android,GOOGLE_SEARCH,1,IN
1494,2025-11-18 00:00:00,android,,0,IN
1495,2025-07-01 00:00:00,android,GOOGLE_SEARCH,1,IN
1496,2026-02-20 00:00:00,ios,FB_JAN,1,IN
1497,2025-07-31 00:00:00,android,,1,IN
1498,2025-05-01 00:00:00,ios,REFERRAL,0,IN
1499,2026-03-12 00:00:00,ios,FB_JAN,1,IN
1500,2026-02-26 00:00:00,android,INSTA_REEL,1,IN
1501,2025-09-12 00:00:00,ios,,1,IN
1502,2026-07-05 00:00:00,smart_tv,GOOGLE_SEARCH,1,IN
1503,2026-07-20 00:00:00,ios,GOOGLE_SEARCH,1,IN
1504,2025-09-19 00:00:00,ios,INSTA_REEL,1,IN
1505,2025-08-02 00:00:00,android,GOOGLE_SEARCH,0,IN
1506,2025-05-20 00:00:00,web,INSTA_REEL,0,IN
1507,2026-06-28 00:00:00,web,FB_JAN,1,IN
1508,2025-04-23 00:00:00,ios,FB_JAN,1,IN
1509,2026-01-11 00:00:00,smart_tv,GOOGLE_SEARCH,1,IN
1510,2025-10-09 00:00:00,android,,0,IN
1511,2025-04-30 00:00:00,android,GOOGLE_SEARCH,0,IN
1512,2025-10-07 00:00:00,web,FB_JAN,1,IN
1513,2025-04-28 00:00:00,web,,0,IN
1514,2026-02-03 00:00:00,android,INSTA_REEL,1,IN
1515,2026-01-28 00:00:00,android,FB_JAN,0,IN
1516,2026-08-26 00:00:00,android,INSTA_REEL,1,IN
1517,2026-04-28 00:00:00,android,REFERRAL,1,IN
1518,2026-07-14 00:00:00,web,,0,IN
1519,2025-12-01 00:00:00,ios,FB_JAN,1,IN
1520,2025-04-23 00:00:00,android,INSTA_REEL,0,IN
1521,2025-09-28 00:00:00,android,INSTA_REEL,1,IN
1522,2026-01-03 00:00:00,android,INSTA_REEL,1,IN
1523,2026-03-17 00:00:00,android,GOOGLE_SEARCH,1,IN
1524,2025-05-04 00:00:00,ios,GOOGLE_SEARCH,1,IN
1525,2026-02-19 00:00:00,smart_tv,REFERRAL,1,IN
1526,2025-12-21 00:00:00,web,REFERRAL,0,IN
1527,2025-07-22 00:00:00,android,INSTA_REEL,0,IN
1528,2026-03-28 00:00:00,web,GOOGLE_SEARCH,1,IN
1529,2026-06-07 00:00:00,web,,1,IN
1530,2026-04-30 00:00:00,web,,1,IN
1531,2026-06-10 00:00:00,ios,INSTA_REEL,1,IN
1532,2026-04-16 00:00:00,android,GOOGLE_SEARCH,1,IN
1533,2026-02-27 00:00:00,android,,1,IN
1534,2025-09-24 00:00:00,android,GOOGLE_SEARCH,1,IN
1535,2026-08-07 00:00:00,android,REFERRAL,1,IN
1536,2026-08-08 00:00:00,android,INSTA_REEL,1,IN
1537,2026-03-28 00:00:00,ios,INSTA_REEL,0,IN
1538,2026-08-30 00:00:00,web,GOOGLE_SEARCH,0,IN
1539,2025-12-15 00:00:00,ios,GOOGLE_SEARCH,0,IN
1540,2025-06-09 00:00:00,android,FB_JAN,0,IN
1541,2026-05-25 00:00:00,smart_tv,,1,IN
1542,2025-06-05 00:00:00,smart_tv,REFERRAL,1,IN
1543,2026-05-31 00:00:00,web,,1,IN
1544,2025-09-17 00:00:00,smart_tv,FB_JAN,1,IN
1545,2026-01-11 00:00:00,ios,GOOGLE_SEARCH,1,IN
1546,2026-02-08 00:00:00,smart_tv,,0,IN
1547,2025-06-30 00:00:00,android,INSTA_REEL,0,IN
1548,2025-06-06 00:00:00,android,,0,IN
1549,2026-02-15 00:00:00,android,GOOGLE_SEARCH,1,IN
1550,2026-01-13 00:00:00,android,,0,IN
1551,2026-01-24 00:00:00,android,FB_JAN,0,IN
1552,2026-06-16 00:00:00,ios,REFERRAL,1,IN
1553,2026-05-27 00:00:00,web,GOOGLE_SEARCH,1,IN
1554,2025-09-03 00:00:00,ios,INSTA_REEL,0,IN
1555,2026-06-14 00:00:00,android,FB_JAN,1,IN
1556,2026-03-11 00:00:00,web,GOOGLE_SEARCH,1,IN
1557,2026-06-17 00:00:00,ios,INSTA_REEL,1,IN
1558,2025-04-29 00:00:00,android,INSTA_REEL,1,IN
1559,2026-03-13 00:00:00,ios,GOOGLE_SEARCH,0,IN
1560,2026-06-05 00:00:00,android,FB_JAN,0,IN
1561,2025-12-23 00:00:00,android,INSTA_REEL,1,IN
1562,2025-05-14 00:00:00,smart_tv,REFERRAL,1,IN
1563,2025-06-01 00:00:00,android,FB_JAN,1,IN
1564,2026-05-06 00:00:00,ios,INSTA_REEL,1,IN
1565,2026-03-24 00:00:00,web,GOOGLE_SEARCH,1,IN
1566,2026-08-24 00:00:00,web,GOOGLE_SEARCH,1,IN
1567,2025-08-27 00:00:00,android,FB_JAN,1,IN
1568,2025-04-17 00:00:00,android,INSTA_REEL,1,IN
1569,2025-08-10 00:00:00,android,INSTA_REEL,0,IN
1570,2026-06-08 00:00:00,ios,FB_JAN,1,IN
1571,2025-04-21 00:00:00,android,FB_JAN,0,IN
1572,2025-07-24 00:00:00,android,FB_JAN,0,IN
1573,2025-05-24 00:00:00,smart_tv,REFERRAL,1,IN
1574,2025-11-13 00:00:00,ios,REFERRAL,0,IN
1575,2026-03-27 00:00:00,android,REFERRAL,0,IN
1576,2026-03-22 00:00:00,ios,GOOGLE_SEARCH,0,IN
1577,2026-04-13 00:00:00,ios,REFERRAL,1,IN
1578,2025-04-19 00:00:00,android,REFERRAL,1,IN
1579,2025-08-21 00:00:00,android,REFERRAL,1,IN
1580,2026-06-20 00:00:00,web,INSTA_REEL,0,IN
1581,2026-03-31 00:00:00,ios,,1,IN
1582,2026-04-01 00:00:00,ios,REFERRAL,1,IN
1583,2026-06-14 00:00:00,android,FB_JAN,1,IN
1584,2025-06-03 00:00:00,android,REFERRAL,1,IN
1585,2025-08-04 00:00:00,android,,0,IN
1586,2026-03-27 00:00:00,android,GOOGLE_SEARCH,1,IN
1587,2026-04-28 00:00:00,android,GOOGLE_SEARCH,1,IN
1588,2026-02-01 00:00:00,android,REFERRAL,1,IN
1589,2025-12-27 00:00:00,web,FB_JAN,1,IN
1590,2025-11-27 00:00:00,smart_tv,FB_JAN,1,IN
1591,2025-07-11 00:00:00,web,INSTA_REEL,1,IN
1592,2025-04-12 00:00:00,web,FB_JAN,1,IN
1593,2025-09-23 00:00:00,android,INSTA_REEL,1,IN
1594,2026-08-10 00:00:00,smart_tv,INSTA_REEL,1,IN
1595,2026-08-29 00:00:00,android,FB_JAN,0,IN
1596,2026-04-17 00:00:00,smart_tv,FB_JAN,1,IN
1597,2025-07-15 00:00:00,smart_tv,INSTA_REEL,1,IN
1598,2025-12-10 00:00:00,web,GOOGLE_SEARCH,1,IN
1599,2025-12-08 00:00:00,smart_tv,REFERRAL,0,IN
1600,2026-06-16 00:00:00,ios,GOOGLE_SEARCH,1,IN
1601,2025-10-22 00:00:00,android,FB_JAN,1,IN
1602,2026-01-03 00:00:00,android,,1,IN
1603,2026-08-01 00:00:00,ios,FB_JAN,1,IN
1604,2025-10-07 00:00:00,android,INSTA_REEL,1,IN
1605,2025-07-20 00:00:00,ios,,0,IN
1606,2025-08-02 00:00:00,smart_tv,,1,IN
1607,2025-05-31 00:00:00,android,REFERRAL,0,IN
1608,2026-06-22 00:00:00,web,FB_JAN,0,IN
1609,2025-09-09 00:00:00,smart_tv,REFERRAL,1,IN
1610,2026-06-15 00:00:00,smart_tv,GOOGLE_SEARCH,1,IN
1611,2025-06-14 00:00:00,smart_tv,,1,IN
1612,2026-02-07 00:00:00,ios,REFERRAL,1,IN
1613,2026-03-07 00:00:00,smart_tv,GOOGLE_SEARCH,1,IN
1614,2025-05-22 00:00:00,web,FB_JAN,1,IN
1615,2026-01-08 00:00:00,android,FB_JAN,0,IN
1616,2026-01-18 00:00:00,ios,INSTA_REEL,1,IN
1617,2025-08-25 00:00:00,web,GOOGLE_SEARCH,1,IN
1618,2025-09-11 00:00:00,android,GOOGLE_SEARCH,1,IN
1619,2026-03-22 00:00:00,ios,REFERRAL,0,IN
1620,2026-08-19 00:00:00,ios,,1,IN
1621,2025-11-01 00:00:00,android,,0,IN
1622,2025-07-19 00:00:00,ios,INSTA_REEL,0,IN
1623,2025-10-08 00:00:00,web,INSTA_REEL,1,IN
1624,2025-08-06 00:00:00,ios,INSTA_REEL,1,IN
1625,2025-11-14 00:00:00,android,GOOGLE_SEARCH,1,IN
1626,2026-08-04 00:00:00,android,FB_JAN,1,IN
1627,2025-04-12 00:00:00,android,FB_JAN,1,IN
1628,2026-03-21 00:00:00,smart_tv,REFERRAL,1,IN
1629,2026-03-29 00:00:00,android,,1,IN
1630,2026-07-08 00:00:00,ios,,0,IN
1631,2025-07-27 00:00:00,android,REFERRAL,1,IN
1632,2025-06-13 00:00:00,android,GOOGLE_SEARCH,1,IN
1633,2025-05-23 00:00:00,web,FB_JAN,1,IN
1634,2026-01-27 00:00:00,web,INSTA_REEL,1,IN
1635,2026-04-28 00:00:00,android,FB_JAN,1,IN
1636,2026-07-20 00:00:00,android,REFERRAL,1,IN
1637,2026-09-06 00:00:00,android,FB_JAN,1,IN
1638,2026-05-11 00:00:00,ios,INSTA_REEL,0,IN
1639,2026-05-10 00:00:00,ios,,1,IN
1640,2025-05-31 00:00:00,android,REFERRAL,1,IN
1641,2025-07-23 00:00:00,android,GOOGLE_SEARCH,1,IN
1642,2026-02-04 00:00:00,android,FB_JAN,0,IN
1643,2025-05-31 00:00:00,smart_tv,FB_JAN,1,IN
1644,2026-06-20 00:00:00,smart_tv,GOOGLE_SEARCH,1,IN
1645,2026-07-07 00:00:00,android,GOOGLE_SEARCH,1,IN
1646,2026-08-28 00:00:00,web,INSTA_REEL,1,IN
1647,2026-03-04 00:00:00,android,FB_JAN,1,IN
1648,2025-07-26 00:00:00,android,REFERRAL,1,IN
1649,2025-09-19 00:00:00,web,FB_JAN,1,IN
1650,2025-07-27 00:00:00,smart_tv,INSTA_REEL,1,IN
1651,2026-06-03 00:00:00,smart_tv,REFERRAL,0,IN
1652,2026-08-13 00:00:00,ios,REFERRAL,1,IN
1653,2025-05-12 00:00:00,android,REFERRAL,1,IN
1654,2025-07-22 00:00:00,web,INSTA_REEL,1,IN
1655,2026-08-29 00:00:00,android,FB_JAN,0,IN
1656,2025-08-20 00:00:00,ios,,1,IN
1657,2026-01-22 00:00:00,android,REFERRAL,0,IN
1658,2025-09-01 00:00:00,ios,GOOGLE_SEARCH,0,IN
1659,2025-08-29 00:00:00,android,INSTA_REEL,1,IN
1660,2026-02-10 00:00:00,android,REFERRAL,1,IN
1661,2025-11-02 00:00:00,smart_tv,INSTA_REEL,1,IN
1662,2026-03-06 00:00:00,android,GOOGLE_SEARCH,1,IN
1663,2026-08-30 00:00:00,ios,REFERRAL,0,IN
1664,2026-01-01 00:00:00,android,FB_JAN,1,IN
1665,2025-06-05 00:00:00,android,INSTA_REEL,1,IN
1666,2025-11-28 00:00:00,android,REFERRAL,0,IN
1667,2025-10-04 00:00:00,android,REFERRAL,1,IN
1668,2025-12-23 00:00:00,web,INSTA_REEL,1,IN
1669,2025-07-23 00:00:00,android,GOOGLE_SEARCH,1,IN
1670,2026-01-21 00:00:00,smart_tv,INSTA_REEL,1,IN
1671,2025-06-20 00:00:00,ios,,1,IN
1672,2026-08-13 00:00:00,android,FB_JAN,1,IN
1673,2025-09-05 00:00:00,ios,GOOGLE_SEARCH,1,IN
1674,2025-08-21 00:00:00,ios,FB_JAN,0,IN
1675,2025-09-08 00:00:00,web,FB_JAN,1,IN
1676,2026-02-25 00:00:00,android,INSTA_REEL,1,IN
1677,2025-04-28 00:00:00,android,,1,IN
1678,2025-04-15 00:00:00,web,REFERRAL,1,IN
1679,2025-06-08 00:00:00,smart_tv,,1,IN
1680,2025-05-02 00:00:00,web,GOOGLE_SEARCH,1,IN
1681,2025-12-13 00:00:00,android,,0,IN
1682,2025-10-18 00:00:00,web,FB_JAN,1,IN
1683,2026-05-17 00:00:00,ios,REFERRAL,1,IN
1684,2025-04-17 00:00:00,ios,,0,IN
1685,2026-08-08 00:00:00,android,REFERRAL,1,IN
1686,2026-01-07 00:00:00,ios,,1,IN
1687,2026-01-20 00:00:00,android,REFERRAL,1,IN
1688,2026-07-24 00:00:00,android,,0,IN
1689,2025-11-22 00:00:00,web,GOOGLE_SEARCH,0,IN
1690,2026-05-06 00:00:00,android,REFERRAL,1,IN
1691,2026-01-15 00:00:00,android,INSTA_REEL,0,IN
1692,2026-06-24 00:00:00,android,FB_JAN,1,IN
1693,2025-05-30 00:00:00,smart_tv,REFERRAL,1,IN
1694,2025-05-17 00:00:00,ios,FB_JAN,0,IN
1695,2025-08-25 00:00:00,android,,0,IN
1696,2026-06-10 00:00:00,web,,1,IN
1697,2026-05-16 00:00:00,web,,1,IN
1698,2026-07-25 00:00:00,android,,1,IN
1699,2026-07-05 00:00:00,ios,,1,IN
1700,2025-10-11 00:00:00,web,GOOGLE_SEARCH,1,IN
1701,2026-02-28 00:00:00,ios,FB_JAN,1,IN
1702,2025-08-11 00:00:00,android,REFERRAL,1,IN
1703,2026-01-31 00:00:00,web,GOOGLE_SEARCH,1,IN
1704,2026-02-06 00:00:00,ios,GOOGLE_SEARCH,1,IN
1705,2026-03-05 00:00:00,android,GOOGLE_SEARCH,1,IN
1706,2026-04-29 00:00:00,android,GOOGLE_SEARCH,0,IN
1707,2025-07-28 00:00:00,android,GOOGLE_SEARCH,1,IN
1708,2026-03-31 00:00:00,android,FB_JAN,0,IN
1709,2026-08-26 00:00:00,web,REFERRAL,0,IN
1710,2025-07-03 00:00:00,android,FB_JAN,1,IN
1711,2026-02-06 00:00:00,android,REFERRAL,1,IN
1712,2025-11-19 00:00:00,ios,GOOGLE_SEARCH,1,IN
1713,2026-07-07 00:00:00,android,GOOGLE_SEARCH,1,IN
1714,2025-07-20 00:00:00,smart_tv,,1,IN
1715,2025-12-15 00:00:00,android,INSTA_REEL,0,IN
1716,2026-06-20 00:00:00,android,INSTA_REEL,1,IN
1717,2025-11-25 00:00:00,android,FB_JAN,1,IN
1718,2025-08-08 00:00:00,android,FB_JAN,1,IN
1719,2025-06-24 00:00:00,android,REFERRAL,1,IN
1720,2025-05-07 00:00:00,web,,0,IN
1721,2026-01-08 00:00:00,smart_tv,REFERRAL,1,IN
1722,2026-04-14 00:00:00,android,,1,IN
1723,2026-05-19 00:00:00,ios,INSTA_REEL,1,IN
1724,2025-11-26 00:00:00,web,INSTA_REEL,1,IN
1725,2025-08-27 00:00:00,web,,1,IN
1726,2026-02-15 00:00:00,android,REFERRAL,1,IN
1727,2026-01-31 00:00:00,android,FB_JAN,1,IN
1728,2025-09-27 00:00:00,android,,1,IN
1729,2025-08-27 00:00:00,web,,0,IN
1730,2026-08-09 00:00:00,web,,0,IN
1731,2026-08-26 00:00:00,android,REFERRAL,1,IN
1732,2026-07-08 00:00:00,android,FB_JAN,0,IN
1733,2026-08-09 00:00:00,smart_tv,REFERRAL,0,IN
1734,2026-01-26 00:00:00,web,GOOGLE_SEARCH,1,IN
1735,2026-08-08 00:00:00,smart_tv,GOOGLE_SEARCH,1,IN
1736,2025-04-09 00:00:00,web,,1,IN
1737,2025-06-17 00:00:00,android,,0,IN
1738,2026-04-23 00:00:00,ios,,0,IN
1739,2026-08-16 00:00:00,ios,FB_JAN,0,IN
1740,2026-06-28 00:00:00,android,FB_JAN,1,IN
1741,2025-11-18 00:00:00,ios,,1,IN
1742,2025-10-23 00:00:00,web,FB_JAN,1,IN
1743,2026-03-13 00:00:00,android,INSTA_REEL,0,IN
1744,2025-05-05 00:00:00,web,,1,IN
1745,2025-05-07 00:00:00,ios,INSTA_REEL,1,IN
1746,2025-12-30 00:00:00,smart_tv,REFERRAL,1,IN
1747,2026-08-05 00:00:00,android,INSTA_REEL,1,IN
1748,2026-07-11 00:00:00,android,REFERRAL,1,IN
1749,2026-01-03 00:00:00,ios,REFERRAL,0,IN
1750,2025-03-25 00:00:00,android,,0,IN
1751,2025-07-05 00:00:00,web,,1,IN
1752,2026-06-01 00:00:00,web,REFERRAL,0,IN
1753,2025-08-01 00:00:00,android,FB_JAN,0,IN
1754,2025-12-12 00:00:00,ios,GOOGLE_SEARCH,0,IN
1755,2026-03-26 00:00:00,ios,INSTA_REEL,0,IN
1756,2026-05-03 00:00:00,android,REFERRAL,1,IN
1757,2026-03-26 00:00:00,smart_tv,GOOGLE_SEARCH,1,IN
1758,2025-05-02 00:00:00,web,,1,IN
1759,2026-05-01 00:00:00,ios,,1,IN
1760,2025-05-08 00:00:00,web,REFERRAL,1,IN
1761,2025-10-02 00:00:00,ios,FB_JAN,1,IN
1762,2026-03-23 00:00:00,smart_tv,REFERRAL,1,IN
1763,2026-01-06 00:00:00,ios,INSTA_REEL,1,IN
1764,2025-05-31 00:00:00,web,GOOGLE_SEARCH,0,IN
1765,2026-04-16 00:00:00,web,FB_JAN,1,IN
1766,2026-08-15 00:00:00,android,REFERRAL,1,IN
1767,2026-06-21 00:00:00,web,INSTA_REEL,1,IN
1768,2025-12-28 00:00:00,android,INSTA_REEL,1,IN
1769,2025-07-16 00:00:00,android,FB_JAN,1,IN
1770,2025-07-26 00:00:00,android,INSTA_REEL,1,IN
1771,2025-06-24 00:00:00,smart_tv,INSTA_REEL,0,IN
1772,2026-04-24 00:00:00,web,INSTA_REEL,1,IN
1773,2026-04-03 00:00:00,web,INSTA_REEL,1,IN
1774,2026-02-27 00:00:00,web,REFERRAL,1,IN
1775,2026-03-26 00:00:00,ios,FB_JAN,0,IN
1776,2025-08-11 00:00:00,smart_tv,GOOGLE_SEARCH,1,IN
1777,2025-10-06 00:00:00,ios,GOOGLE_SEARCH,1,IN
1778,2026-08-20 00:00:00,android,INSTA_REEL,0,IN
1779,2026-05-02 00:00:00,android,REFERRAL,1,IN
1780,2026-08-11 00:00:00,web,INSTA_REEL,0,IN
1781,2025-04-27 00:00:00,web,INSTA_REEL,1,IN
1782,2025-05-02 00:00:00,android,REFERRAL,1,IN
1783,2025-04-25 00:00:00,android,,1,IN
1784,2025-08-04 00:00:00,web,FB_JAN,0,IN
1785,2026-02-21 00:00:00,android,GOOGLE_SEARCH,1,IN
1786,2026-07-15 00:00:00,web,REFERRAL,0,IN
1787,2026-08-30 00:00:00,smart_tv,GOOGLE_SEARCH,0,IN
1788,2026-06-27 00:00:00,android,REFERRAL,0,IN
1789,2025-08-16 00:00:00,android,REFERRAL,0,IN
1790,2026-08-26 00:00:00,web,,1,IN
1791,2025-08-07 00:00:00,web,INSTA_REEL,0,IN
1792,2026-02-15 00:00:00,ios,FB_JAN,1,IN
1793,2026-02-06 00:00:00,smart_tv,,1,IN
1794,2025-08-30 00:00:00,android,GOOGLE_SEARCH,1,IN
1795,2026-04-23 00:00:00,ios,FB_JAN,1,IN
1796,2026-01-17 00:00:00,web,INSTA_REEL,1,IN
1797,2026-02-24 00:00:00,web,,1,IN
1798,2026-08-18 00:00:00,android,REFERRAL,0,IN
1799,2026-08-20 00:00:00,web,GOOGLE_SEARCH,1,IN
1800,2026-07-31 00:00:00,ios,,0,IN
